area_id,area_name,city,area_type,locality_type,pincode,retail_shops,restaurants,banks_atms,medical_facilities,educational_centers,parking_lots,vacant_shops,pedestrian_count_15min,vehicle_count_15min,footfall_intensity,road_condition,street_lighting,cleanliness,avg_daily_customers,avg_transaction_value,monthly_rent,business_growth,property_price_sqft,residential_rent_1bhk,property_trend,google_rating,google_reviews_count,zomato_restaurants,population_estimate,last_survey_date,competition_level,parking_availability,main_issue,news_mentions_6months,col,monthly_rent_capped,property_price_sqft_capped,business_density,business_density_score,total_footfall,footfall_score,infrastructure_score,property_value_score,digital_presence_score,growth_momentum_score,competition_score,vacancy_rate,occupancy_score,economic_health_score,investment_category,recommended_business,risk_score,expected_return
AREA_001,Sector 17 Market,Patiala,Urban,Commercial,143684.0,43.0,27.0,10.0,5,4,3.0,3.0,275.0,149.0,High,5.0,5,4.0,130.0,1324.0,31848.0,Growing,6245.0,19108.0,Falling,4.5,670.0,27.0,37039.0,2025-01-05,High,Easy,Poor infrastructure,13.0,31848.0,31848.0,6245.0,80.0,74.77,349.5,92.34,93.33,78.58,90.0,100,30,6.52,93.48,82.0,High Potential,"Premium F&B, Tech Retail, Co-working",6.56,80.63
AREA_002,Sector 22,Chandigarh,Semi-Urban,Mixed,141220.0,25.0,13.0,7.0,5,1,0.0,4.0,116.0,51.0,Medium,3.0,3,3.0,76.0,763.0,16898.0,Growing,4807.0,10138.0,Falling,4.1,1453.0,13.0,33023.0,2025-01-23,Low,Easy,High rent,9.0,16898.0,16898.0,4807.0,45.0,42.06,141.5,37.38,60.0,60.49,82.0,100,100,13.79,86.21000000000001,64.6,Moderate Potential,"Grocery Stores, Pharmacies, Education Centers",21.65,62.96
AREA_003,Sector 35,Patiala,Urban,Commercial,,,,,4,3,,,270.4,177.0,Medium,6.0,5,,142.6,820.8,,Declining,,,Falling,,,,,,Low,Easy,High rent,,38797.0,,,,,358.9,94.82,110.0,,,20,100,,,,Low Potential,"Essential Services, Kirana, Mobile Recharge",,
AREA_004,Sector 43,Patiala,Urban,Commercial,148023.0,51.0,21.0,12.0,8,6,4.0,6.0,278.0,104.0,High,4.0,4,4.0,181.0,1175.0,40822.0,Growing,7361.0,24493.0,Rising,4.3,2483.0,21.0,30350.0,2025-01-17,High,Moderate,High rent,16.0,40822.0,40822.0,7361.0,84.0,78.5,330.0,87.19,80.0,92.63,86.0,100,30,10.53,89.47,81.11,High Potential,"Premium F&B, Tech Retail, Co-working",13.37,85.72
AREA_005,Sector 8,Zirakpur,Urban,Mixed,148450.0,28.0,17.0,10.0,7,5,3.0,1.0,144.0,67.0,Medium,5.0,4,4.0,78.0,1388.0,33258.0,Growing,6404.0,19954.0,Falling,3.4,1897.0,17.0,46404.0,2025-01-07,High,Moderate,High rent,8.0,33258.0,33258.0,6404.0,55.0,51.4,177.5,46.9,86.67,80.58,68.0,100,30,3.45,96.55,66.19,Moderate Potential,"Grocery Stores, Pharmacies, Education Centers",6.41,71.95
AREA_006,Sector 15,Chandigarh,Semi-Urban,Commercial,142246.0,31.0,15.0,4.0,3,4,0.0,5.0,83.0,57.0,Medium,4.0,4,3.0,55.0,664.0,21822.0,Stable,3576.0,13093.0,Rising,3.3,2093.0,15.0,18357.0,2025-01-06,Low,Easy,High rent,13.0,21822.0,21822.0,3576.0,50.0,46.73,111.5,29.46,73.33,45.0,66.0,60,100,13.89,86.11,56.65,Moderate Potential,"Retail Chains, Quick Service Restaurants, Banks",17.72,51.99
AREA_007,Sector 26,Ludhiana,Semi-Urban,Mixed,144807.0,24.0,14.0,3.0,2,2,3.0,1.0,66.0,31.0,Medium,4.0,4,3.0,36.0,559.0,13210.0,Stable,4223.0,7926.0,Rising,3.9,287.0,14.0,25239.0,2025-01-17,Low,Difficult,parking shortage,9.0,13210.0,13210.0,4223.0,41.0,38.32,81.5,21.53,73.33,53.14,78.0,60,100,4.0,96.0,55.72,Moderate Potential,"Grocery Stores, Pharmacies, Education Centers",10.8,54.69
AREA_008,Sector 9,Shimla,Semi-Urban,Commercial,140362.0,21.0,14.0,6.0,4,4,1.0,2.0,62.0,26.0,Medium,3.0,3,2.0,19.0,813.0,15331.0,Declining,4174.0,9198.0,Stable,3.6,1906.0,14.0,23865.0,2025-01-01,Low,Easy,High rent,3.0,15331.0,15331.0,4174.0,41.0,38.32,75.0,19.82,53.33,52.52,72.0,20,100,8.7,91.3,45.73,Moderate Potential,"Retail Chains, Quick Service Restaurants, Banks",20.09,48.45
AREA_009,Sector 11,Karnal,Rural,Mixed,,,,,1,2,,,46.6,21.0,Medium,6.0,3,,23.0,1175.6,,Declining,,,Rising,,,,,,Low,Easy,High rent,,6099.0,,,,,57.1,15.09,90.0,,,20,100,,,,Low Potential,"Essential Services, Kirana, Mobile Recharge",,
AREA_010,Sector 19,Zirakpur,Urban,Commercial,147942.0,48.0,34.0,10.0,7,7,5.0,5.0,234.0,159.0,High,5.0,4,4.0,124.0,738.0,46525.0,Declining,6658.0,27915.0,Stable,4.4,1625.0,34.0,44616.0,2025-01-03,Medium,Difficult,High rent,10.0,46525.0,46525.0,6658.0,92.0,85.98,313.5,82.83,86.67,83.78,88.0,20,60,9.43,90.57,72.96,High Potential,"Premium F&B, Tech Retail, Co-working",10.6,77.29
AREA_011,Sector 20,Patiala,Urban,Commercial,141480.0,64.0,28.0,10.0,9,6,3.0,4.0,266.0,87.0,High,5.0,4,4.0,148.0,885.0,34819.0,Growing,6088.0,20891.0,Rising,3.9,579.0,28.0,45653.0,2025-01-17,Low,Moderate,parking shortage,11.0,34819.0,34819.0,6088.0,102.0,95.33,309.5,81.77,86.67,76.61,78.0,100,100,5.88,94.12,88.78,High Potential,"Premium F&B, Tech Retail, Co-working",8.11,83.91
AREA_012,Sector 34,Ambala,Urban,Commercial,141007.0,54.0,32.0,6.0,5,4,3.0,3.0,206.0,71.0,High,4.0,4,4.0,90.0,1363.0,47849.0,Declining,7929.0,28709.0,Rising,4.6,2422.0,32.0,46762.0,2025-01-20,Low,Difficult,Poor infrastructure,13.0,47849.0,47849.0,7929.0,92.0,85.98,241.5,63.8,80.0,99.77,92.0,20,100,5.26,94.74,74.85,High Potential,"Premium F&B, Tech Retail, Co-working",9.68,84.82
AREA_013,Sector 38,Mohali,Urban,Commercial,140790.0,61.0,22.0,11.0,6,6,2.0,11.0,253.0,135.0,High,5.0,5,4.0,141.0,667.0,42774.0,Declining,7463.0,25664.0,Stable,4.7,1907.0,22.0,48646.0,2025-01-16,Low,Easy,Poor infrastructure,7.0,42774.0,42774.0,7463.0,94.0,87.85,320.5,84.68,93.33,93.91,94.0,20,100,15.28,84.72,80.48,High Potential,"Premium F&B, Tech Retail, Co-working",12.7,85.85
AREA_014,Sector 40,Panchkula,Semi-Urban,Residential,142749.0,34.0,15.0,9.0,1,2,2.0,5.0,116.0,75.0,Medium,3.0,4,3.0,49.0,1059.0,18034.0,Declining,4437.0,10820.0,Rising,4.2,806.0,15.0,28597.0,2025-01-14,High,Moderate,High rent,,18034.0,18034.0,4437.0,58.0,54.21,153.5,40.55,66.67,55.83,84.0,20,30,12.82,87.18,49.24,Moderate Potential,"Grocery Stores, Pharmacies, Education Centers",18.97,51.88
AREA_015,Industrial Area Phase 1,Jalandhar,Semi-Urban,Residential,148705.0,30.0,9.0,3.0,3,3,1.0,1.0,106.0,36.0,Medium,4.0,3,3.0,66.0,1462.0,15531.0,Growing,4671.0,9318.0,Stable,4.0,714.0,9.0,17271.0,2025-01-14,High,Easy,High rent,4.0,15531.0,15531.0,4671.0,42.0,39.25,124.0,32.76,66.67,58.78,80.0,100,30,3.23,96.77,56.8,Moderate Potential,"Grocery Stores, Pharmacies, Education Centers",12.26,57.59
AREA_016,Industrial Area Phase 2,Zirakpur,Rural,Residential,149961.0,9.0,2.0,4.0,2,4,,0.0,42.0,19.0,Low,3.0,3,3.0,28.0,1407.0,7586.0,Declining,2682.0,4551.0,Stable,4.3,920.0,2.0,10587.0,2025-01-20,High,Easy,Low footfall,,7586.0,7586.0,2682.0,15.0,14.02,51.5,13.61,60.0,33.75,86.0,20,30,0.0,100.0,32.9,Low Potential,"Essential Services, Kirana, Mobile Recharge",12.0,33.24
AREA_017,Manimajra,Karnal,Semi-Urban,Mixed,146471.0,28.0,9.0,4.0,2,1,0.0,3.0,101.0,54.0,Medium,3.0,4,3.0,64.0,1188.0,12017.0,Declining,3873.0,7210.0,Stable,3.5,1390.0,9.0,29520.0,2025-01-05,High,Difficult,parking shortage,7.0,12017.0,12017.0,3873.0,41.0,38.32,128.0,33.82,66.67,48.74,70.0,20,30,9.68,90.32,42.6,Moderate Potential,"Grocery Stores, Pharmacies, Education Centers",16.78,45.06
AREA_018,Raipur Khurd,Solan,Semi-Urban,Residential,144959.0,30.0,9.0,9.0,4,2,1.0,5.0,119.0,60.0,Medium,3.0,4,2.0,74.0,750.0,14580.0,Declining,3762.0,8748.0,Rising,4.0,1417.0,9.0,29523.0,2025-01-20,Low,Moderate,Poor infrastructure,12.0,14580.0,14580.0,3762.0,48.0,44.86,149.0,39.37,60.0,47.34,80.0,20,100,14.29,85.71000000000001,51.74,Moderate Potential,"Grocery Stores, Pharmacies, Education Centers",22.0,49.98
AREA_019,Dhanas,Chandigarh,Rural,Mixed,140535.0,8.0,6.0,5.0,4,1,2.0,0.0,20.0,10.0,Low,2.0,3,2.0,7.0,1208.0,5078.0,Declining,2633.0,3046.0,Falling,3.4,1670.0,6.0,21032.0,2025-01-04,Low,Easy,Poor infrastructure,7.0,5078.0,5845.0,2633.0,19.0,17.76,25.0,6.61,46.67,33.13,68.0,20,100,0.0,100.0,35.52,Low Potential,"Essential Services, Kirana, Mobile Recharge",16.0,34.56
AREA_020,IT Park Phase 8,Shimla,Rural,Commercial,143581.0,9.0,5.0,5.0,3,2,0.0,1.0,49.0,32.0,Low,2.0,2,2.0,21.0,680.0,8920.0,Declining,2576.0,5352.0,Falling,4.1,1767.0,5.0,6145.0,2025-01-10,Low,Difficult,High rent,,8920.0,8920.0,2576.0,19.0,17.76,65.0,17.17,40.0,32.41,82.0,20,100,10.0,90.0,37.73,Low Potential,"Essential Services, Kirana, Mobile Recharge",25.0,35.6
AREA_021,Phase 3B2,Panchkula,Semi-Urban,Mixed,146672.0,34.0,15.0,9.0,6,3,1.0,6.0,115.0,39.0,Medium,3.0,3,3.0,47.0,958.0,21648.0,Declining,4006.0,12988.0,Stable,4.2,467.0,15.0,34053.0,2025-01-24,Medium,Easy,parking shortage,10.0,21648.0,21648.0,4006.0,58.0,54.21,134.5,35.54,60.0,50.41,84.0,20,60,15.0,85.0,49.69,Moderate Potential,"Grocery Stores, Pharmacies, Education Centers",22.5,49.98
AREA_022,Phase 5,Zirakpur,Semi-Urban,Commercial,141729.0,29.0,8.0,3.0,1,2,3.0,3.0,63.0,30.0,Medium,4.0,3,2.0,23.0,1464.0,18684.0,Growing,4245.0,11210.0,Rising,4.4,475.0,8.0,15143.0,2025-01-26,High,Difficult,High rent,0.0,18684.0,18684.0,4245.0,40.0,37.38,78.0,20.61,60.0,53.42,88.0,100,30,9.38,90.62,53.4,Moderate Potential,"Retail Chains, Quick Service Restaurants, Banks",18.57,53.41
AREA_023,Phase 7,Ludhiana,Semi-Urban,Mixed,140583.0,29.0,14.0,2.0,4,5,,3.0,91.0,52.0,Medium,4.0,3,2.0,39.0,646.0,15885.0,Declining,3869.0,9531.0,Falling,4.6,1343.0,14.0,21108.0,2025-01-26,Low,Easy,parking shortage,,15885.0,15885.0,3869.0,45.0,42.06,117.0,30.91,60.0,48.69,92.0,20,100,9.38,90.62,51.02,Moderate Potential,"Grocery Stores, Pharmacies, Education Centers",18.57,50.09
AREA_024,Phase 9,Chandigarh,Semi-Urban,Commercial,144414.0,34.0,12.0,7.0,5,2,1.0,3.0,110.0,36.0,Medium,4.0,3,3.0,66.0,1202.0,14342.0,Declining,4132.0,8605.0,Rising,3.2,407.0,12.0,20555.0,2025-01-03,Medium,Moderate,parking shortage,3.0,14342.0,14342.0,4132.0,53.0,49.53,128.0,33.82,66.67,51.99,64.0,20,60,8.11,91.89,47.63,Moderate Potential,"Retail Chains, Quick Service Restaurants, Banks",15.68,49.37
AREA_025,Phase 10,Solan,Semi-Urban,Commercial,141982.0,34.0,15.0,8.0,6,3,0.0,6.0,70.0,39.0,Medium,4.0,4,3.0,41.0,896.0,19290.0,Growing,3604.0,11574.0,Stable,3.8,1645.0,15.0,27190.0,2025-01-01,Low,Easy,Low footfall,,19290.0,19290.0,3604.0,57.0,53.27,89.5,23.65,73.33,45.35,76.0,100,100,15.0,85.0,63.95,Moderate Potential,"Retail Chains, Quick Service Restaurants, Banks",18.5,56.51
AREA_026,Phase 11,Shimla,Rural,Mixed,145060.0,6.0,3.0,8.0,1,2,3.0,1.0,48.0,28.0,Low,2.0,2,3.0,15.0,857.0,6366.0,Declining,2541.0,3819.0,Stable,3.5,783.0,3.0,7697.0,2025-01-15,Medium,Moderate,High rent,10.0,6366.0,6366.0,2541.0,17.0,15.89,62.0,16.38,46.67,31.97,70.0,20,60,14.29,85.71000000000001,32.96,Low Potential,"Essential Services, Kirana, Mobile Recharge",26.0,32.56
AREA_027,Sector 70,Patiala,Rural,Residential,,,,,1,4,,0.0,42.8,15.0,Low,,3,,14.0,939.6,,Declining,,,Falling,,,,,,High,Easy,High rent,,6201.5,,,,,50.3,13.29,60.0,,,20,30,,,,Low Potential,"Essential Services, Kirana, Mobile Recharge",,
AREA_028,Sector 82,Mohali,Urban,Mixed,149629.0,44.0,12.0,,7,6,,5.0,135.0,59.0,Medium,4.0,4,4.0,84.0,1047.4,33140.0,Declining,5910.0,,Rising,3.5,,,39110.0,2025-01-15,High,Easy,High rent,,33140.0,33140.0,5910.0,,,164.5,43.46,80.0,74.37,70.0,20,30,10.2,89.8,,Low Potential,"Essential Services, Kirana, Mobile Recharge",13.14,
AREA_029,Sector 88,Jalandhar,Rural,Mixed,140135.0,14.0,4.0,5.0,3,3,0.0,2.0,27.0,18.0,Low,2.0,3,2.0,16.0,1185.0,5177.0,Stable,2931.0,3106.0,Rising,3.7,901.0,4.0,16081.0,2025-01-17,Medium,Moderate,Low footfall,2.0,5177.0,5845.0,2931.0,23.0,21.5,36.0,9.51,46.67,36.88,74.0,60,60,12.5,87.5,39.84,Low Potential,"Essential Services, Kirana, Mobile Recharge",24.75,38.66
AREA_030,Kharar Main Market,Chandigarh,Semi-Urban,Mixed,144340.0,29.0,11.0,3.0,3,2,0.0,3.0,68.0,34.0,Medium,3.0,4,2.0,26.0,1492.0,17373.0,Declining,4088.0,10423.0,Falling,4.5,833.0,11.0,18381.0,2025-01-28,High,Easy,parking shortage,11.0,17373.0,17373.0,4088.0,43.0,40.19,85.0,22.46,60.0,51.44,90.0,20,30,9.38,90.62,42.25,Moderate Potential,"Grocery Stores, Pharmacies, Education Centers",18.57,45.93
AREA_031,Kharar Landran Road,Ambala,Semi-Urban,Residential,140350.0,25.0,14.0,4.0,6,1,3.0,4.0,70.0,24.0,Medium,3.0,3,2.0,26.0,1120.0,19766.0,Declining,3569.0,11859.0,Stable,4.3,174.0,14.0,18597.0,2025-01-09,High,Easy,Poor infrastructure,5.0,19766.0,19766.0,3569.0,43.0,40.19,82.0,21.66,53.33,44.91,86.0,20,30,13.79,86.21000000000001,39.93,Low Potential,"Essential Services, Kirana, Mobile Recharge",23.65,41.92
AREA_032,Kurali,Mohali,Semi-Urban,Residential,147142.0,21.0,11.0,5.0,1,3,2.0,3.0,67.0,27.0,Medium,4.0,3,3.0,31.0,897.0,15965.0,Stable,3947.0,9579.0,Stable,3.7,1070.0,11.0,21528.0,2025-01-24,High,Moderate,High rent,7.0,15965.0,15965.0,3947.0,37.0,34.58,80.5,21.27,66.67,49.67,74.0,60,30,12.5,87.5,46.11,Moderate Potential,"Grocery Stores, Pharmacies, Education Centers",18.75,47.53
AREA_033,Mullanpur,Panchkula,Semi-Urban,Commercial,143144.0,30.0,11.0,3.0,4,2,0.0,4.0,94.0,35.0,Medium,3.0,3,2.0,49.0,1201.0,20527.0,Declining,3778.0,12316.0,Falling,4.1,114.0,11.0,21168.0,2025-01-08,Low,Easy,parking shortage,5.0,20527.0,20527.0,3778.0,44.0,41.12,111.5,29.46,53.33,47.54,82.0,20,100,11.76,88.24,48.43,Moderate Potential,"Retail Chains, Quick Service Restaurants, Banks",22.23,48.07
AREA_034,Nayagaon,Karnal,Rural,Residential,145494.0,14.0,3.0,7.0,5,1,2.0,0.0,49.0,28.0,Low,2.0,3,3.0,19.0,841.0,5179.0,Stable,2941.0,3107.0,Stable,4.1,1331.0,3.0,14220.0,2025-01-07,Medium,Moderate,parking shortage,10.0,5179.0,5845.0,2941.0,24.0,22.43,63.0,16.64,53.33,37.01,82.0,60,60,0.0,100.0,43.12,Moderate Potential,"Grocery Stores, Pharmacies, Education Centers",14.0,40.68
AREA_035,Derabassi,Chandigarh,Semi-Urban,Residential,140750.0,31.0,11.0,8.0,2,4,2.0,4.0,65.0,41.0,Medium,4.0,4,2.0,41.0,650.0,20976.0,Declining,4758.0,12585.0,Stable,3.6,597.0,11.0,19304.0,2025-01-07,Low,Difficult,parking shortage,9.0,20976.0,20976.0,4758.0,50.0,46.73,85.5,22.59,66.67,59.87,72.0,20,100,11.43,88.57,50.8,Moderate Potential,"Grocery Stores, Pharmacies, Education Centers",18.0,54.43
AREA_036,Dera Bassi Industrial,Solan,Semi-Urban,Commercial,141331.0,31.0,14.0,3.0,5,1,3.0,3.0,90.0,36.0,Medium,3.0,3,2.0,30.0,1126.0,13306.0,Stable,4997.0,7983.0,Rising,3.4,1824.0,14.0,32520.0,2025-01-14,Medium,Difficult,High rent,12.0,13306.0,13306.0,4997.0,48.0,44.86,108.0,28.53,53.33,62.88,68.0,60,60,8.82,91.18,51.45,Moderate Potential,"Retail Chains, Quick Service Restaurants, Banks",20.17,56.02
AREA_037,Landran College Area,Chandigarh,Urban,Commercial,141262.0,57.0,29.0,10.0,9,6,5.0,5.0,251.0,163.0,High,4.0,4,4.0,153.0,671.0,30664.0,Stable,7400.0,18398.0,Falling,4.4,2485.0,29.0,30935.0,2025-01-25,High,Difficult,Poor infrastructure,14.0,30664.0,30664.0,7400.0,96.0,89.72,332.5,87.85,80.0,93.12,88.0,60,30,8.06,91.94,77.73,High Potential,"Premium F&B, Tech Retail, Co-working",11.64,83.89
AREA_038,Banur,Jalandhar,Semi-Urban,Residential,148704.0,24.0,10.0,3.0,1,4,0.0,1.0,96.0,35.0,Medium,4.0,4,3.0,56.0,987.0,12139.0,Declining,4935.0,7283.0,Falling,3.8,546.0,10.0,31476.0,2025-01-02,Low,Easy,Poor infrastructure,6.0,12139.0,12139.0,4935.0,37.0,34.58,113.5,29.99,73.33,62.1,76.0,20,100,4.0,96.0,51.37,Moderate Potential,"Grocery Stores, Pharmacies, Education Centers",10.8,55.66
AREA_039,Lalru,Ambala,Rural,Residential,,,,,4,1,,,51.6,22.0,Medium,6.0,3,,23.8,1037.4,,Declining,,,Rising,,,,,,Low,Easy,High rent,,6201.5,,,,,62.6,16.54,90.0,,,20,100,,,,Low Potential,"Essential Services, Kirana, Mobile Recharge",,
AREA_040,Gharuan,Mohali,Urban,Residential,148664.0,5.0,2.0,6.0,4,4,5.0,0.0,21.0,9.0,Medium,5.0,4,3.0,14.0,1443.0,9703.0,Declining,2027.0,5821.0,Falling,4.4,1680.0,2.0,49439.0,2025-01-18,Medium,Moderate,Low footfall,18.0,9703.0,9703.0,2440.0,13.0,12.15,25.5,6.74,80.0,25.51,88.0,20,60,0.0,100.0,36.5,Low Potential,"Essential Services, Kirana, Mobile Recharge",6.0,32.1
AREA_041,Morinda,Zirakpur,Urban,Mixed,149108.0,41.0,20.0,6.0,7,4,3.0,5.0,197.0,124.0,Medium,4.0,4,4.0,95.0,607.0,26805.0,Growing,5321.0,16083.0,Rising,3.7,904.0,20.0,33519.0,2025-01-26,Low,Easy,Poor infrastructure,13.0,26805.0,26805.0,5321.0,67.0,62.62,259.0,68.43,80.0,66.96,74.0,100,100,10.87,89.13,77.28,High Potential,"Fitness Centers, Cafes, Boutiques",13.61,73.15
AREA_042,Airport Road,Patiala,Semi-Urban,Mixed,143444.0,28.0,13.0,6.0,5,4,0.0,2.0,104.0,58.0,Medium,3.0,3,2.0,35.0,890.0,12458.0,Growing,3844.0,7474.0,Rising,4.0,350.0,13.0,19002.0,2025-01-02,Low,Easy,Low footfall,8.0,12458.0,12458.0,3844.0,47.0,43.93,133.0,35.14,53.33,48.37,80.0,100,100,6.67,93.33,61.92,Moderate Potential,"Grocery Stores, Pharmacies, Education Centers",18.67,56.5
AREA_043,Sector 5,Panchkula,Semi-Urban,Residential,146029.0,24.0,9.0,5.0,1,2,3.0,1.0,68.0,41.0,Medium,4.0,3,2.0,45.0,729.0,18675.0,Growing,3500.0,11205.0,Rising,3.6,484.0,9.0,15781.0,2025-01-22,High,Easy,Low footfall,13.0,18675.0,18675.0,3500.0,38.0,35.51,88.5,23.38,60.0,44.04,72.0,100,30,4.0,96.0,50.8,Moderate Potential,"Grocery Stores, Pharmacies, Education Centers",14.8,48.1
AREA_044,Sector 9,Patiala,Urban,Commercial,146293.0,47.0,31.0,,4,7,,6.0,261.0,114.0,High,4.0,5,4.0,128.0,1085.6,37634.0,Declining,6634.0,,Stable,3.5,,,32863.0,2025-01-19,High,Easy,High rent,,37634.0,37634.0,6634.0,,,318.0,84.02,86.67,83.48,70.0,20,30,11.32,88.68,,Low Potential,"Essential Services, Kirana, Mobile Recharge",11.92,
AREA_045,Sector 12,Zirakpur,Semi-Urban,Mixed,146569.0,20.0,8.0,9.0,2,3,0.0,3.0,114.0,70.0,Medium,4.0,4,3.0,35.0,1266.0,19592.0,Declining,3801.0,11755.0,Rising,3.6,2069.0,8.0,26316.0,2025-01-17,Low,Difficult,High rent,0.0,19592.0,19592.0,3801.0,37.0,34.58,149.0,39.37,73.33,47.83,72.0,20,100,13.04,86.96000000000001,50.94,Moderate Potential,"Grocery Stores, Pharmacies, Education Centers",17.13,49.7
AREA_046,Sector 14,Amritsar,Semi-Urban,Mixed,142414.0,21.0,8.0,6.0,1,4,2.0,3.0,83.0,25.0,Medium,3.0,3,3.0,46.0,1018.0,17315.0,Declining,4312.0,10389.0,Rising,4.0,159.0,8.0,22273.0,2025-01-23,Medium,Easy,High rent,10.0,17315.0,17315.0,4312.0,35.0,32.71,95.5,25.23,60.0,54.26,80.0,20,60,12.5,87.5,43.59,Moderate Potential,"Grocery Stores, Pharmacies, Education Centers",20.75,47.86
AREA_047,Sector 20,Patiala,Rural,Mixed,148996.0,10.0,6.0,2.0,5,5,0.0,1.0,30.0,9.0,Low,3.0,2,2.0,15.0,1229.0,8541.0,Declining,2933.0,5124.0,Rising,4.7,785.0,6.0,8738.0,2025-01-14,High,Easy,High rent,0.0,8541.0,8541.0,2933.0,18.0,16.82,34.5,9.11,46.67,36.91,94.0,20,30,9.09,90.91,31.83,Low Potential,"Essential Services, Kirana, Mobile Recharge",22.36,33.86
AREA_048,Mansa Devi Complex,Amritsar,Semi-Urban,Commercial,142884.0,24.0,14.0,9.0,2,5,3.0,3.0,91.0,30.0,Medium,4.0,4,2.0,40.0,1486.0,13532.0,Growing,4941.0,8119.0,Falling,3.8,1238.0,14.0,25716.0,2025-01-17,Low,Easy,Poor infrastructure,9.0,13532.0,13532.0,4941.0,47.0,43.93,106.0,28.01,66.67,62.17,76.0,100,100,11.11,88.89,63.89,Moderate Potential,"Retail Chains, Quick Service Restaurants, Banks",17.78,63.2
AREA_049,Industrial Area,Mohali,Semi-Urban,Residential,142741.0,20.0,12.0,6.0,4,5,0.0,3.0,91.0,32.0,Medium,4.0,4,3.0,45.0,509.0,17780.0,Declining,3906.0,10668.0,Rising,4.2,1201.0,12.0,26164.0,2025-01-21,High,Easy,parking shortage,5.0,17780.0,17780.0,3906.0,38.0,35.51,107.0,28.27,73.33,49.15,84.0,20,30,13.04,86.96000000000001,43.49,Moderate Potential,"Grocery Stores, Pharmacies, Education Centers",17.13,45.75
AREA_050,Kalka,Jalandhar,Semi-Urban,Residential,144648.0,20.0,11.0,8.0,2,2,1.0,2.0,69.0,27.0,Medium,3.0,3,2.0,28.0,1193.0,21226.0,Declining,4591.0,12735.0,Stable,3.4,1871.0,11.0,17626.0,2025-01-27,Low,Difficult,Poor infrastructure,4.0,21226.0,21226.0,4591.0,39.0,36.45,82.5,21.8,53.33,57.77,68.0,20,100,9.09,90.91,45.95,Moderate Potential,"Grocery Stores, Pharmacies, Education Centers",20.36,50.68
AREA_051,Pinjore,Mohali,Semi-Urban,Mixed,148566.0,21.0,9.0,8.0,6,4,1.0,2.0,68.0,34.0,Medium,4.0,4,3.0,25.0,1361.0,19567.0,Stable,4326.0,11740.0,Rising,4.6,537.0,9.0,17150.0,2025-01-01,Low,Difficult,parking shortage,10.0,19567.0,19567.0,4326.0,38.0,35.51,85.0,22.46,73.33,54.44,92.0,60,100,8.7,91.3,56.88,Moderate Potential,"Grocery Stores, Pharmacies, Education Centers",14.09,55.9
AREA_052,Barwala,Mohali,Semi-Urban,Mixed,142078.0,29.0,12.0,7.0,6,5,3.0,5.0,74.0,26.0,Medium,4.0,3,3.0,29.0,1383.0,12179.0,Growing,4230.0,7307.0,Rising,4.2,1883.0,12.0,19923.0,2025-01-02,Medium,Difficult,Poor infrastructure,2.0,12179.0,12179.0,4230.0,48.0,44.86,87.0,22.99,66.67,53.23,84.0,100,60,14.71,85.28999999999999,58.9,Moderate Potential,"Grocery Stores, Pharmacies, Education Centers",20.3,56.63
AREA_053,Zirakpur Main Market,Karnal,Rural,Residential,143727.0,11.0,5.0,,3,4,,1.0,35.0,12.0,Low,2.0,3,3.0,11.0,987.0,8329.0,Declining,2551.0,,Falling,3.8,,,8972.0,2025-01-19,High,Easy,High rent,,8329.0,8329.0,2551.0,,,41.0,10.83,53.33,32.1,76.0,20,30,8.33,91.67,,Low Potential,"Essential Services, Kirana, Mobile Recharge",19.83,
AREA_054,VIP Road,Solan,Semi-Urban,Mixed,147544.0,27.0,14.0,8.0,1,2,0.0,3.0,103.0,41.0,Medium,3.0,4,2.0,48.0,502.0,18440.0,Growing,4771.0,11064.0,Falling,3.3,1346.0,14.0,26626.0,2025-01-15,High,Moderate,Poor infrastructure,2.0,18440.0,18440.0,4771.0,49.0,45.79,123.5,32.63,60.0,60.04,66.0,100,30,10.0,90.0,55.84,Moderate Potential,"Grocery Stores, Pharmacies, Education Centers",19.0,57.52
AREA_055,Peer Muchalla,Ambala,Semi-Urban,Residential,147549.0,21.0,13.0,8.0,1,3,3.0,3.0,106.0,71.0,Medium,3.0,4,2.0,34.0,864.0,15365.0,Declining,4409.0,9219.0,Rising,4.1,286.0,13.0,22896.0,2025-01-14,Low,Difficult,Poor infrastructure,10.0,15365.0,15365.0,4409.0,42.0,39.25,141.5,37.38,60.0,55.48,82.0,20,100,12.5,87.5,51.44,Moderate Potential,"Grocery Stores, Pharmacies, Education Centers",20.75,53.06
AREA_056,Baltana,Mohali,Urban,Commercial,142133.0,64.0,27.0,,6,4,,4.0,265.0,88.0,High,4.0,4,4.0,85.0,774.6,38072.0,Declining,6795.0,,Stable,3.7,,,40337.0,2025-01-15,High,Easy,High rent,,38072.0,38072.0,6795.0,,,309.0,81.64,80.0,85.5,74.0,20,30,5.88,94.12,,Low Potential,"Essential Services, Kirana, Mobile Recharge",10.12,
AREA_057,Lohgarh,Amritsar,Rural,Mixed,142667.0,10.0,4.0,6.0,1,3,3.0,0.0,33.0,11.0,Low,3.0,2,3.0,18.0,506.0,5108.0,Declining,2892.0,3064.0,Falling,4.0,1801.0,4.0,19658.0,2025-01-15,Low,Difficult,parking shortage,0.0,5108.0,5845.0,2892.0,20.0,18.69,38.5,10.17,53.33,36.39,80.0,20,100,0.0,100.0,38.93,Low Potential,"Essential Services, Kirana, Mobile Recharge",14.0,37.91
AREA_058,Gazipur,Jalandhar,Semi-Urban,Mixed,149816.0,29.0,10.0,7.0,4,3,1.0,1.0,98.0,54.0,Medium,4.0,3,3.0,51.0,1208.0,21871.0,Stable,4431.0,13122.0,Falling,3.8,2088.0,10.0,29245.0,2025-01-21,Low,Difficult,Poor infrastructure,14.0,21871.0,21871.0,4431.0,46.0,42.99,125.0,33.03,66.67,55.76,76.0,60,100,3.33,96.67,57.84,Moderate Potential,"Grocery Stores, Pharmacies, Education Centers",12.33,57.01
AREA_059,Ambala Cantt,Karnal,Rural,Mixed,142843.0,13.0,6.0,2.0,6,4,1.0,0.0,41.0,18.0,Low,2.0,2,2.0,14.0,748.0,5648.0,Declining,2678.0,3388.0,Stable,4.7,855.0,6.0,5779.0,2025-01-06,High,Difficult,Low footfall,2.0,5648.0,5845.0,2678.0,21.0,19.63,50.0,13.21,40.0,33.7,94.0,20,30,0.0,100.0,31.75,Low Potential,"Essential Services, Kirana, Mobile Recharge",18.0,32.53
AREA_060,Ambala City Market,Panchkula,Semi-Urban,Residential,147217.0,26.0,12.0,3.0,3,2,2.0,4.0,111.0,56.0,Medium,4.0,4,3.0,46.0,1161.0,20774.0,Declining,4072.0,12464.0,Rising,3.9,1973.0,12.0,22601.0,2025-01-21,Medium,Easy,High rent,11.0,20774.0,20774.0,4072.0,41.0,38.32,139.0,36.72,73.33,51.24,78.0,20,60,13.33,86.67,48.22,Moderate Potential,"Grocery Stores, Pharmacies, Education Centers",17.33,49.43
AREA_061,Saha,Patiala,Urban,Mixed,143428.0,42.0,19.0,7.0,5,3,5.0,4.0,146.0,93.0,Medium,5.0,5,3.0,92.0,903.0,29975.0,Stable,5094.0,17985.0,Stable,4.0,1811.0,19.0,35037.0,2025-01-28,Low,Moderate,parking shortage,16.0,29975.0,29975.0,5094.0,68.0,63.55,192.5,50.86,86.67,64.1,80.0,60,100,8.7,91.3,69.56,Moderate Potential,"Grocery Stores, Pharmacies, Education Centers",10.09,67.38
AREA_062,Naraingarh,Solan,Semi-Urban,Commercial,144476.0,21.0,15.0,5.0,5,2,,3.0,91.0,38.0,Medium,3.0,3,3.0,39.0,1266.0,18867.0,Declining,4876.0,11320.0,Stable,4.4,,15.0,24015.0,2025-01-12,Low,Easy,High rent,,18867.0,18867.0,4876.0,41.0,38.32,110.0,29.06,60.0,61.36,88.0,20,100,12.5,87.5,51.06,Moderate Potential,"Retail Chains, Quick Service Restaurants, Banks",20.75,55.18
AREA_063,Shahzadpur,Solan,Rural,Mixed,144635.0,5.0,5.0,9.0,6,3,0.0,0.0,35.0,24.0,Low,2.0,3,3.0,22.0,845.0,9341.0,Declining,2542.0,5604.0,Falling,3.4,1884.0,5.0,8433.0,2025-01-19,Low,Easy,parking shortage,7.0,9341.0,9341.0,2542.0,19.0,17.76,47.0,12.42,53.33,31.99,68.0,20,100,0.0,100.0,37.43,Low Potential,"Essential Services, Kirana, Mobile Recharge",14.0,35.25
AREA_064,Rajpura,Panchkula,Urban,Commercial,140744.0,59.0,31.0,5.0,9,3,3.0,10.0,275.0,122.0,High,5.0,4,3.0,129.0,1414.0,48204.0,Stable,6598.0,28922.0,Stable,4.3,985.0,31.0,34474.0,2025-01-23,Low,Difficult,Low footfall,6.0,48204.0,48204.0,6598.0,95.0,88.79,336.0,88.77,80.0,83.03,86.0,60,100,14.49,85.51,83.3,High Potential,"Premium F&B, Tech Retail, Co-working",16.14,83.19
AREA_065,Nabha,Amritsar,Semi-Urban,Commercial,142023.0,30.0,13.0,3.0,5,3,1.0,1.0,69.0,22.0,Medium,3.0,4,3.0,36.0,810.0,16028.0,Growing,4084.0,9616.0,Falling,3.2,544.0,13.0,18452.0,2025-01-17,Low,Easy,High rent,0.0,16028.0,16028.0,4084.0,46.0,42.99,80.0,21.14,66.67,51.39,64.0,100,100,3.23,96.77,59.97,Moderate Potential,"Retail Chains, Quick Service Restaurants, Banks",12.26,56.54
AREA_066,Samana,Panchkula,Semi-Urban,Commercial,140030.0,27.0,11.0,3.0,6,5,2.0,3.0,88.0,60.0,Medium,4.0,4,3.0,52.0,1354.0,12239.0,Growing,4913.0,7343.0,Rising,4.5,550.0,11.0,30092.0,2025-01-11,Low,Easy,parking shortage,0.0,12239.0,12239.0,4913.0,41.0,38.32,118.0,31.18,73.33,61.82,90.0,100,100,10.0,90.0,65.69,Moderate Potential,"Retail Chains, Quick Service Restaurants, Banks",15.0,64.14
AREA_067,Patran,Amritsar,Rural,Commercial,147181.0,12.0,3.0,7.0,1,3,0.0,1.0,30.0,11.0,Low,2.0,3,2.0,15.0,1189.0,6346.0,Growing,2158.0,3807.0,Stable,3.8,1342.0,3.0,8419.0,2025-01-10,Low,Difficult,Poor infrastructure,1.0,6346.0,6346.0,2440.0,22.0,20.56,35.5,9.38,46.67,27.15,76.0,100,100,7.69,92.31,48.66,Moderate Potential,"Retail Chains, Quick Service Restaurants, Banks",21.38,40.06
AREA_068,Ferozepur Road,Panchkula,Semi-Urban,Commercial,145320.0,31.0,9.0,7.0,1,2,0.0,5.0,102.0,53.0,Medium,3.0,3,2.0,59.0,925.0,14271.0,Growing,4024.0,8562.0,Falling,3.3,2052.0,9.0,23358.0,2025-01-25,Low,Difficult,High rent,4.0,14271.0,14271.0,4024.0,47.0,43.93,128.5,33.95,53.33,50.64,66.0,100,100,13.89,86.11,60.57,Moderate Potential,"Retail Chains, Quick Service Restaurants, Banks",23.72,56.6
AREA_069,Model Town,Ambala,Rural,Commercial,149293.0,12.0,6.0,5.0,1,4,3.0,0.0,36.0,11.0,Low,3.0,2,2.0,24.0,553.0,9009.0,Growing,2916.0,5405.0,Stable,3.6,1177.0,6.0,23742.0,2025-01-16,Low,Moderate,High rent,1.0,9009.0,9009.0,2916.0,23.0,21.5,41.5,10.96,46.67,36.69,72.0,100,100,0.0,100.0,49.88,Moderate Potential,"Retail Chains, Quick Service Restaurants, Banks",16.0,44.6
AREA_070,Civil Lines,Zirakpur,Urban,Commercial,149728.0,47.0,34.0,8.0,4,6,2.0,4.0,254.0,121.0,High,5.0,4,4.0,81.0,978.0,33089.0,Declining,6903.0,19853.0,Rising,4.4,1939.0,34.0,43917.0,2025-01-12,High,Moderate,parking shortage,19.0,33089.0,33089.0,6903.0,89.0,83.18,314.5,83.09,86.67,86.86,88.0,20,30,7.84,92.16,69.82,Moderate Potential,"Retail Chains, Quick Service Restaurants, Banks",9.49,76.64
AREA_071,PAU Campus,Mohali,Semi-Urban,Mixed,142125.0,26.0,8.0,7.0,3,5,3.0,1.0,94.0,49.0,Medium,3.0,4,3.0,65.0,944.0,13829.0,Declining,4100.0,8297.0,Stable,3.9,1238.0,8.0,31320.0,2025-01-27,Low,Easy,parking shortage,0.0,13829.0,13829.0,4100.0,41.0,38.32,118.5,31.31,66.67,51.59,78.0,20,100,3.7,96.3,50.29,Moderate Potential,"Grocery Stores, Pharmacies, Education Centers",12.59,50.81
AREA_072,Dugri,Zirakpur,Semi-Urban,Residential,142638.0,24.0,9.0,5.0,6,1,,3.0,104.0,67.0,Medium,4.0,3,3.0,34.0,675.0,13124.0,Growing,4580.0,7874.0,Stable,4.2,927.0,9.0,19337.0,2025-01-13,High,Easy,High rent,,13124.0,13124.0,4580.0,38.0,35.51,137.5,36.33,66.67,57.63,84.0,100,30,11.11,88.89,56.96,Moderate Potential,"Grocery Stores, Pharmacies, Education Centers",17.78,57.23
AREA_073,Sarabha Nagar,Chandigarh,Rural,Mixed,149992.0,9.0,5.0,2.0,6,5,2.0,0.0,37.0,22.0,Low,3.0,3,3.0,12.0,1478.0,5096.0,Stable,2547.0,3057.0,Stable,3.2,858.0,5.0,12732.0,2025-01-11,Medium,Difficult,High rent,2.0,5096.0,5845.0,2547.0,16.0,14.95,48.0,12.68,60.0,32.05,64.0,60,60,0.0,100.0,39.52,Low Potential,"Essential Services, Kirana, Mobile Recharge",12.0,36.53
AREA_074,Rajguru Nagar,Chandigarh,Urban,Commercial,140480.0,68.0,27.0,10.0,7,4,3.0,13.0,273.0,179.0,High,5.0,5,4.0,120.0,890.0,38475.0,Stable,6221.0,23085.0,Rising,3.8,1518.0,27.0,30124.0,2025-01-13,High,Easy,High rent,13.0,38475.0,38475.0,6221.0,105.0,98.13,362.5,95.77,93.33,78.28,76.0,60,30,16.05,83.95,79.86,High Potential,"Premium F&B, Tech Retail, Co-working",13.24,79.23
AREA_075,Model Town JL,Patiala,Urban,Residential,148970.0,10.0,2.0,8.0,5,7,4.0,0.0,37.0,13.0,Medium,4.0,5,3.0,12.0,1026.0,6893.0,Growing,2997.0,4135.0,Stable,4.4,2019.0,2.0,36997.0,2025-01-17,Low,Easy,High rent,13.0,6893.0,6893.0,2997.0,20.0,18.69,43.5,11.49,80.0,37.71,88.0,100,100,0.0,100.0,56.13,Moderate Potential,"Grocery Stores, Pharmacies, Education Centers",6.0,48.76
AREA_076,Civil Lines JL,Ludhiana,Semi-Urban,Commercial,148934.0,24.0,11.0,2.0,1,4,3.0,2.0,87.0,30.0,Medium,4.0,3,2.0,45.0,1486.0,20076.0,Growing,4471.0,12045.0,Rising,3.4,517.0,11.0,32951.0,2025-01-20,High,Moderate,High rent,2.0,20076.0,20076.0,4471.0,37.0,34.58,102.0,26.95,60.0,56.26,68.0,100,30,7.69,92.31,52.32,Moderate Potential,"Retail Chains, Quick Service Restaurants, Banks",17.38,53.9
AREA_077,GT Road Jalandhar,Chandigarh,Urban,Mixed,148147.0,44.0,12.0,8.0,7,6,2.0,2.0,191.0,110.0,Medium,4.0,4,3.0,129.0,729.0,24419.0,Growing,5172.0,14651.0,Rising,3.7,970.0,12.0,44776.0,2025-01-26,High,Difficult,parking shortage,5.0,24419.0,24419.0,5172.0,64.0,59.81,246.0,64.99,73.33,65.08,74.0,100,30,4.35,95.65,67.87,Moderate Potential,"Grocery Stores, Pharmacies, Education Centers",11.05,66.75
AREA_078,Nakodar,Panchkula,Semi-Urban,Commercial,141733.0,23.0,8.0,8.0,4,1,1.0,4.0,90.0,49.0,Medium,3.0,4,3.0,40.0,1193.0,20424.0,Declining,3858.0,12254.0,Falling,3.7,1360.0,8.0,19737.0,2025-01-17,Low,Easy,Poor infrastructure,5.0,20424.0,20424.0,3858.0,39.0,36.45,114.5,30.25,66.67,48.55,74.0,20,100,14.81,85.19,48.96,Moderate Potential,"Retail Chains, Quick Service Restaurants, Banks",20.37,48.8
AREA_079,Phillaur,Chandigarh,Urban,Commercial,140715.0,69.0,21.0,6.0,8,3,3.0,13.0,265.0,85.0,High,5.0,4,4.0,108.0,523.0,43088.0,Growing,6404.0,25852.0,Falling,3.4,2441.0,21.0,48453.0,2025-01-27,Low,Moderate,High rent,7.0,43088.0,43088.0,6404.0,96.0,89.72,307.5,81.24,86.67,80.58,68.0,100,100,15.85,84.15,87.04,High Potential,"Premium F&B, Tech Retail, Co-working",15.09,84.46
AREA_080,Golden Temple Area,Chandigarh,Rural,Commercial,148230.0,14.0,6.0,2.0,5,4,1.0,0.0,40.0,16.0,Low,2.0,3,3.0,26.0,1358.0,8945.0,Declining,2582.0,5367.0,Rising,4.0,592.0,6.0,19598.0,2025-01-10,Low,Difficult,Poor infrastructure,6.0,8945.0,8945.0,2582.0,22.0,20.56,48.0,12.68,53.33,32.49,80.0,20,100,0.0,100.0,39.29,Low Potential,"Essential Services, Kirana, Mobile Recharge",14.0,36.57
AREA_081,Ranjit Avenue,Chandigarh,Urban,Commercial,140347.0,59.0,29.0,9.0,4,3,5.0,7.0,252.0,136.0,High,4.0,4,3.0,124.0,1149.0,43363.0,Declining,6205.0,26017.0,Stable,4.0,1426.0,29.0,38965.0,2025-01-08,Medium,Easy,Poor infrastructure,15.0,43363.0,43363.0,6205.0,97.0,90.65,320.0,84.54,73.33,78.08,80.0,20,60,10.61,89.39,70.72,High Potential,"Premium F&B, Tech Retail, Co-working",15.43,73.66
AREA_082,Lawrence Road,Mohali,Semi-Urban,Commercial,146994.0,24.0,14.0,9.0,6,2,3.0,3.0,101.0,55.0,Medium,3.0,3,2.0,67.0,518.0,17026.0,Declining,4495.0,10215.0,Stable,3.3,527.0,14.0,26243.0,2025-01-14,High,Moderate,Poor infrastructure,14.0,17026.0,17026.0,4495.0,47.0,43.93,128.5,33.95,53.33,56.56,66.0,20,30,11.11,88.89,42.28,Moderate Potential,"Retail Chains, Quick Service Restaurants, Banks",21.78,47.99
AREA_083,Mall Road ASR,Amritsar,Semi-Urban,Mixed,146658.0,24.0,11.0,9.0,6,5,2.0,2.0,117.0,58.0,Medium,4.0,3,3.0,35.0,632.0,12541.0,Stable,3961.0,7524.0,Stable,3.7,310.0,11.0,18352.0,2025-01-05,Low,Easy,High rent,4.0,12541.0,12541.0,3961.0,44.0,41.12,146.0,38.57,66.67,49.84,74.0,60,100,7.69,92.31,57.55,Moderate Potential,"Grocery Stores, Pharmacies, Education Centers",15.38,54.47
AREA_084,Chheharta,Ludhiana,Semi-Urban,Commercial,144441.0,17.0,8.0,6.0,3,2,1.0,1.0,64.0,33.0,Medium,3.0,3,2.0,24.0,1409.0,15348.0,Declining,4700.0,9208.0,Stable,4.0,407.0,8.0,25807.0,2025-01-16,Low,Difficult,parking shortage,11.0,15348.0,15348.0,4700.0,31.0,28.97,80.5,21.27,53.33,59.14,80.0,20,100,5.56,94.44,45.72,Moderate Potential,"Retail Chains, Quick Service Restaurants, Banks",17.89,51.09
AREA_085,Mall Road Shimla,Ambala,Rural,Residential,145305.0,12.0,2.0,3.0,4,3,3.0,1.0,44.0,30.0,Low,2.0,2,2.0,15.0,677.0,9736.0,Growing,2975.0,5841.0,Falling,3.3,1469.0,2.0,13552.0,2025-01-23,Low,Easy,parking shortage,14.0,9736.0,9736.0,2975.0,17.0,15.89,59.0,15.59,40.0,37.44,66.0,100,100,7.69,92.31,48.08,Moderate Potential,"Grocery Stores, Pharmacies, Education Centers",23.38,43.82
AREA_086,Lakkar Bazaar,Mohali,Semi-Urban,Commercial,,24.0,10.0,,2,5,,4.0,94.0,62.0,Medium,4.0,3,3.0,49.2,1122.2,20224.0,Declining,4286.0,,Stable,4.5,,,18721.0,2025-01-15,High,Easy,High rent,,20224.0,20224.0,4286.0,,,125.0,33.03,66.67,53.93,90.0,20,30,14.29,85.71000000000001,,Low Potential,"Essential Services, Kirana, Mobile Recharge",20.0,
AREA_087,Lower Bazaar,Ambala,Urban,Commercial,149276.0,53.0,33.0,5.0,9,6,3.0,4.0,244.0,166.0,High,4.0,5,3.0,158.0,1288.0,49140.0,Stable,6579.0,29484.0,Stable,3.3,1870.0,33.0,37169.0,2025-01-17,Medium,Easy,High rent,,49140.0,49140.0,6579.0,91.0,85.05,327.0,86.39,80.0,82.79,66.0,60,60,7.02,92.98,76.1,High Potential,"Premium F&B, Tech Retail, Co-working",10.91,78.78
AREA_088,Sanjauli,Amritsar,Semi-Urban,Mixed,,19.0,,,6,5,,1.0,107.0,58.0,Medium,,3,3.0,53.8,771.2,,Declining,,,Rising,,,,34284.0,,High,Easy,High rent,,16898.0,,,,,136.0,35.93,60.0,,,20,30,5.0,95.0,,Low Potential,"Essential Services, Kirana, Mobile Recharge",15.5,
AREA_089,Dhalli,Mohali,Urban,Commercial,143822.0,62.0,28.0,10.0,4,3,3.0,9.0,227.0,155.0,High,5.0,5,3.0,115.0,1337.0,40588.0,Declining,6234.0,24352.0,Stable,4.6,771.0,28.0,33240.0,2025-01-24,High,Moderate,Poor infrastructure,15.0,40588.0,40588.0,6234.0,100.0,93.46,304.5,80.45,86.67,78.44,92.0,20,30,12.68,87.32,70.79,High Potential,"Premium F&B, Tech Retail, Co-working",12.88,73.85
AREA_090,Baddi Industrial,Panchkula,Urban,Commercial,,52.0,,,8,4,,9.0,258.4,89.0,High,,5,3.0,108.2,831.0,,Declining,,,Falling,,,,36295.0,,High,Easy,High rent,,38797.0,,,,,302.9,80.03,80.0,,,20,30,14.75,85.25,,Low Potential,"Essential Services, Kirana, Mobile Recharge",16.32,
AREA_091,Nalagarh,Ludhiana,Semi-Urban,Mixed,147359.0,15.0,8.0,2.0,1,4,1.0,2.0,106.0,40.0,Medium,4.0,3,3.0,42.0,1389.0,20268.0,Declining,4839.0,12160.0,Rising,3.3,1696.0,8.0,33908.0,2025-01-06,High,Difficult,Poor infrastructure,14.0,20268.0,20268.0,4839.0,25.0,23.36,126.0,33.29,66.67,60.89,66.0,20,30,11.76,88.24,40.57,Moderate Potential,"Grocery Stores, Pharmacies, Education Centers",18.23,48.7
AREA_092,Parwanoo,Ludhiana,Semi-Urban,Commercial,145534.0,21.0,9.0,7.0,5,4,1.0,2.0,62.0,42.0,Medium,3.0,4,2.0,26.0,1319.0,19183.0,Declining,4276.0,11509.0,Rising,4.0,1006.0,9.0,18276.0,2025-01-27,Low,Easy,parking shortage,9.0,19183.0,19183.0,4276.0,37.0,34.58,83.0,21.93,60.0,53.81,80.0,20,100,8.7,91.3,47.32,Moderate Potential,"Retail Chains, Quick Service Restaurants, Banks",18.09,49.92
AREA_093,Solan Town,Mohali,Urban,Commercial,,,,,4,5,,,245.2,135.0,Medium,6.0,4,,135.4,991.0,,Declining,,,Rising,,,,,,High,Easy,High rent,,38797.0,,,,,312.7,82.62,100.0,,,20,30,,,,Low Potential,"Essential Services, Kirana, Mobile Recharge",,
AREA_094,Kasauli,Panchkula,Semi-Urban,Commercial,141996.0,18.0,10.0,8.0,1,1,0.0,3.0,71.0,42.0,Medium,3.0,3,3.0,36.0,794.0,18023.0,Growing,3860.0,10813.0,Rising,4.1,945.0,10.0,26656.0,2025-01-28,Low,Difficult,High rent,12.0,18023.0,18023.0,3860.0,36.0,33.64,92.0,24.31,60.0,48.57,82.0,100,100,14.29,85.71000000000001,59.13,Moderate Potential,"Retail Chains, Quick Service Restaurants, Banks",22.0,54.91
AREA_095,Karnal Market,Shimla,Semi-Urban,Mixed,149499.0,22.0,15.0,2.0,3,1,,1.0,84.0,38.0,Medium,3.0,3,2.0,42.0,1016.0,19243.0,Declining,4444.0,11545.0,Falling,4.7,1912.0,15.0,30895.0,2025-01-13,Low,Easy,High rent,,19243.0,19243.0,4444.0,39.0,36.45,103.0,27.21,53.33,55.92,94.0,20,100,4.35,95.65,49.3,Moderate Potential,"Grocery Stores, Pharmacies, Education Centers",17.05,51.95
AREA_096,Sector 13 Karnal,Karnal,Semi-Urban,Residential,148813.0,29.0,11.0,8.0,6,1,2.0,3.0,119.0,62.0,Medium,3.0,3,3.0,68.0,850.0,19425.0,Stable,3822.0,11655.0,Stable,3.6,2032.0,11.0,22367.0,2025-01-07,Low,Moderate,High rent,3.0,19425.0,19425.0,3822.0,48.0,44.86,150.0,39.63,60.0,48.09,72.0,60,100,9.38,90.62,57.08,Moderate Potential,"Grocery Stores, Pharmacies, Education Centers",18.57,53.48
AREA_097,Gharaunda,Panchkula,Urban,Mixed,,,,,8,3,,3.0,98.2,53.0,Medium,,4,,51.8,899.8,,Declining,,,Falling,,,,,,High,Easy,High rent,,28390.0,,,,,124.7,32.95,80.0,,,20,30,,,,Low Potential,"Essential Services, Kirana, Mobile Recharge",,
AREA_098,Nilokheri,Amritsar,Semi-Urban,Residential,149160.0,18.0,10.0,7.0,5,4,3.0,3.0,61.0,41.0,Medium,3.0,4,2.0,30.0,1028.0,20282.0,Declining,4022.0,12169.0,Falling,4.2,1105.0,10.0,28286.0,2025-01-12,Medium,Moderate,High rent,8.0,20282.0,20282.0,4022.0,35.0,32.71,81.5,21.53,60.0,50.61,84.0,20,60,14.29,85.71000000000001,42.89,Moderate Potential,"Grocery Stores, Pharmacies, Education Centers",22.0,45.98
AREA_099,Sector 17 Market Zone 2,Jalandhar,Rural,Residential,147347.0,5.0,4.0,3.0,1,2,0.0,0.0,46.0,16.0,Low,3.0,2,3.0,23.0,696.0,6344.0,Declining,2572.0,3806.0,Stable,3.9,1133.0,4.0,17489.0,2025-01-04,Low,Easy,High rent,6.0,6344.0,6344.0,2572.0,12.0,11.21,54.0,14.27,53.33,32.36,78.0,20,100,0.0,100.0,37.49,Low Potential,"Essential Services, Kirana, Mobile Recharge",14.0,35.44
AREA_100,Sector 22 Zone 2,Panchkula,Urban,Residential,142062.0,11.0,5.0,6.0,4,7,4.0,0.0,31.0,12.0,Medium,5.0,5,3.0,19.0,1311.0,5891.0,Growing,2270.0,3534.0,Rising,3.2,853.0,5.0,47766.0,2025-01-09,Low,Easy,parking shortage,,5891.0,5891.0,2440.0,22.0,20.56,37.0,9.78,86.67,28.56,64.0,100,100,0.0,100.0,53.7,Moderate Potential,"Grocery Stores, Pharmacies, Education Centers",4.0,43.64
AREA_101,Sector 35 Zone 2,Chandigarh,Semi-Urban,Commercial,142864.0,15.0,8.0,8.0,1,2,3.0,2.0,89.0,31.0,Medium,3.0,3,2.0,26.0,980.0,16768.0,Declining,4992.0,10060.0,Stable,4.1,600.0,8.0,30824.0,2025-01-04,Low,Difficult,parking shortage,7.0,16768.0,16768.0,4992.0,31.0,28.97,104.5,27.61,53.33,62.82,82.0,20,100,11.76,88.24,47.5,Moderate Potential,"Retail Chains, Quick Service Restaurants, Banks",22.23,53.63
AREA_102,Sector 43 Zone 2,Zirakpur,Urban,Mixed,146416.0,27.0,17.0,8.0,4,6,3.0,4.0,144.0,81.0,Medium,5.0,5,3.0,88.0,847.0,34183.0,Declining,6194.0,20509.0,Rising,3.8,1984.0,17.0,33307.0,2025-01-02,Low,Moderate,parking shortage,5.0,34183.0,34183.0,6194.0,52.0,48.6,184.5,48.75,86.67,77.94,76.0,20,100,12.9,87.1,61.45,Moderate Potential,"Grocery Stores, Pharmacies, Education Centers",13.03,68.05
AREA_103,Sector 8 Zone 2,Panchkula,Semi-Urban,Mixed,143532.0,19.0,10.0,5.0,6,4,3.0,2.0,109.0,38.0,Medium,3.0,4,3.0,32.0,563.0,13419.0,Declining,3808.0,8051.0,Falling,4.0,409.0,10.0,27671.0,2025-01-07,Low,Easy,parking shortage,3.0,13419.0,13419.0,3808.0,34.0,31.78,128.0,33.82,66.67,47.92,80.0,20,100,9.52,90.48,49.19,Moderate Potential,"Grocery Stores, Pharmacies, Education Centers",16.66,48.68
AREA_104,Sector 15 Zone 2,Mohali,Urban,Commercial,143345.0,65.0,25.0,12.0,6,5,3.0,8.0,287.0,183.0,High,5.0,5,3.0,103.0,517.0,32926.0,Stable,7555.0,19755.0,Falling,3.4,2080.0,25.0,43908.0,2025-01-05,Low,Difficult,Low footfall,13.0,32926.0,32926.0,7555.0,102.0,95.33,378.5,100.0,86.67,95.07,68.0,60,100,10.96,89.03999999999999,87.27,High Potential,"Premium F&B, Tech Retail, Co-working",11.67,90.39
AREA_105,Sector 26 Zone 2,Zirakpur,Semi-Urban,Mixed,140645.0,19.0,15.0,9.0,1,2,3.0,3.0,69.0,39.0,Medium,4.0,4,3.0,30.0,927.0,21480.0,Declining,4751.0,12888.0,Falling,4.3,849.0,15.0,24339.0,2025-01-04,Low,Moderate,Poor infrastructure,12.0,21480.0,21480.0,4751.0,43.0,40.19,88.5,23.38,73.33,59.78,86.0,20,100,13.64,86.36,52.02,Moderate Potential,"Grocery Stores, Pharmacies, Education Centers",17.55,55.12
AREA_106,Sector 9 Zone 2,Solan,Semi-Urban,Residential,,15.0,9.0,,6,5,,1.0,108.0,43.0,Medium,4.0,4,2.0,43.2,867.4,21134.0,Declining,4574.0,,Falling,3.6,,,16767.0,2025-01-15,Low,Easy,High rent,,21134.0,21134.0,4574.0,,,129.5,34.21,66.67,57.56,72.0,20,100,6.25,93.75,,Low Potential,"Essential Services, Kirana, Mobile Recharge",14.37,
AREA_107,Sector 11 Zone 2,Solan,Rural,Commercial,140352.0,13.0,2.0,5.0,4,3,0.0,0.0,20.0,12.0,Low,3.0,3,2.0,9.0,503.0,8277.0,Growing,2222.0,4966.0,Rising,4.5,2023.0,2.0,19071.0,2025-01-16,Low,Difficult,Poor infrastructure,10.0,8277.0,8277.0,2440.0,20.0,18.69,26.0,6.87,53.33,27.96,90.0,100,100,0.0,100.0,50.33,Moderate Potential,"Retail Chains, Quick Service Restaurants, Banks",14.0,41.38
AREA_108,Sector 19 Zone 2,Solan,Semi-Urban,Mixed,149309.0,23.0,11.0,9.0,3,1,2.0,3.0,102.0,45.0,Medium,4.0,3,3.0,37.0,1265.0,13720.0,Growing,4531.0,8232.0,Rising,4.0,311.0,11.0,32144.0,2025-01-09,Low,Easy,High rent,10.0,13720.0,13720.0,4531.0,43.0,40.19,124.5,32.89,66.67,57.02,80.0,100,100,11.54,88.46000000000001,63.8,Moderate Potential,"Grocery Stores, Pharmacies, Education Centers",18.08,61.09
AREA_109,Sector 20 Zone 2,Amritsar,Rural,Residential,149206.0,13.0,5.0,8.0,6,4,3.0,2.0,47.0,20.0,Low,3.0,2,2.0,23.0,934.0,5699.0,Declining,2892.0,3419.0,Falling,4.3,1966.0,5.0,12269.0,2025-01-09,High,Moderate,Poor infrastructure,2.0,5699.0,5845.0,2892.0,26.0,24.3,57.0,15.06,46.67,36.39,86.0,20,30,13.33,86.67,33.54,Low Potential,"Essential Services, Kirana, Mobile Recharge",25.33,34.68
AREA_110,Sector 34 Zone 2,Ludhiana,Semi-Urban,Commercial,145580.0,20.0,14.0,7.0,1,5,0.0,1.0,92.0,31.0,Medium,3.0,3,2.0,39.0,834.0,21047.0,Growing,3910.0,12628.0,Falling,3.7,879.0,14.0,34359.0,2025-01-10,Low,Difficult,Low footfall,2.0,21047.0,21047.0,3910.0,41.0,38.32,107.5,28.4,53.33,49.2,74.0,100,100,4.76,95.24,59.08,Moderate Potential,"Retail Chains, Quick Service Restaurants, Banks",17.33,55.13
AREA_111,Sector 38 Zone 2,Zirakpur,Urban,Commercial,143739.0,55.0,34.0,6.0,6,3,5.0,9.0,273.0,92.0,High,5.0,5,4.0,132.0,858.0,43878.0,Stable,6781.0,26326.0,Stable,4.1,694.0,34.0,35076.0,2025-01-17,Medium,Moderate,parking shortage,,43878.0,43878.0,6781.0,95.0,88.79,319.0,84.28,93.33,85.33,82.0,60,60,14.06,85.94,80.37,High Potential,"Premium F&B, Tech Retail, Co-working",11.84,82.35
AREA_112,Sector 40 Zone 2,Solan,Semi-Urban,Commercial,149313.0,23.0,14.0,3.0,1,5,0.0,3.0,104.0,35.0,Medium,4.0,4,2.0,56.0,844.0,17528.0,Growing,4320.0,10516.0,Rising,3.3,923.0,14.0,30695.0,2025-01-15,Low,Easy,Poor infrastructure,8.0,17528.0,17528.0,4320.0,40.0,37.38,121.5,32.1,66.67,54.36,66.0,100,100,11.54,88.46000000000001,61.38,Moderate Potential,"Retail Chains, Quick Service Restaurants, Banks",18.08,58.57
AREA_113,Industrial Area Phase 1 Zone 2,Chandigarh,Semi-Urban,Mixed,142651.0,30.0,13.0,,3,5,,4.0,111.0,76.0,Medium,4.0,3,3.0,39.0,959.8,12919.0,Growing,3877.0,,Rising,4.1,,,29971.0,2025-01-03,Low,Easy,High rent,,12919.0,12919.0,3877.0,,,149.0,39.37,66.67,48.79,82.0,100,100,11.76,88.24,,Low Potential,"Essential Services, Kirana, Mobile Recharge",18.23,
AREA_114,Industrial Area Phase 2 Zone 2,Panchkula,Urban,Residential,,,,,7,5,,0.0,24.8,7.0,Medium,,4,,12.8,1244.0,,Declining,,,Rising,,,,,,Medium,Easy,High rent,,8522.0,,,,,28.3,7.48,80.0,,,20,60,,,,Low Potential,"Essential Services, Kirana, Mobile Recharge",,
AREA_115,Manimajra Zone 2,Ludhiana,Semi-Urban,Mixed,,,,,3,1,,,129.4,70.0,Medium,6.0,3,,55.6,1052.2,,Declining,,,Rising,,,,,,Low,Easy,High rent,,16898.0,,,,,164.4,43.43,90.0,,,20,100,,,,Low Potential,"Essential Services, Kirana, Mobile Recharge",,
AREA_116,Raipur Khurd Zone 2,Zirakpur,Urban,Residential,,,,,7,3,,,51.6,22.0,Medium,6.0,5,,23.8,1037.4,,Declining,,,Stable,,,,,,Low,Easy,High rent,,8522.0,,,,,62.6,16.54,110.0,,,20,100,,,,Low Potential,"Essential Services, Kirana, Mobile Recharge",,
AREA_117,Dhanas Zone 2,Amritsar,Semi-Urban,Commercial,143768.0,16.0,13.0,5.0,4,5,1.0,3.0,85.0,54.0,Medium,3.0,3,3.0,27.0,886.0,20496.0,Growing,4578.0,12297.0,Rising,3.7,567.0,13.0,32845.0,2025-01-14,Low,Easy,parking shortage,11.0,20496.0,20496.0,4578.0,34.0,31.78,112.0,29.59,60.0,57.61,74.0,100,100,15.79,84.21000000000001,60.0,Moderate Potential,"Retail Chains, Quick Service Restaurants, Banks",23.05,59.04
AREA_118,IT Park Phase 8 Zone 2,Zirakpur,Semi-Urban,Mixed,143734.0,32.0,9.0,3.0,4,4,0.0,5.0,113.0,78.0,Medium,3.0,4,3.0,63.0,1070.0,18992.0,Growing,3891.0,11395.0,Rising,3.9,959.0,9.0,33337.0,2025-01-18,Low,Moderate,Poor infrastructure,1.0,18992.0,18992.0,3891.0,44.0,41.12,152.0,40.16,66.67,48.96,78.0,100,100,13.51,86.49,64.13,Moderate Potential,"Grocery Stores, Pharmacies, Education Centers",19.46,58.06
AREA_119,Phase 3B2 Zone 2,Ambala,Urban,Commercial,148583.0,56.0,24.0,9.0,7,3,5.0,9.0,292.0,121.0,High,5.0,4,4.0,131.0,1297.0,33869.0,Declining,6785.0,20321.0,Falling,3.5,2214.0,24.0,34896.0,2025-01-09,Low,Easy,High rent,5.0,33869.0,33869.0,6785.0,89.0,83.18,352.5,93.13,86.67,85.38,70.0,20,100,13.85,86.15,76.65,High Potential,"Premium F&B, Tech Retail, Co-working",13.69,80.14
AREA_120,Phase 5 Zone 2,Ambala,Urban,Mixed,148633.0,40.0,14.0,10.0,5,3,5.0,4.0,120.0,49.0,Medium,5.0,4,4.0,62.0,807.0,22684.0,Growing,6128.0,13610.0,Rising,3.8,1545.0,14.0,31097.0,2025-01-15,Low,Moderate,parking shortage,16.0,22684.0,22684.0,6128.0,64.0,59.81,144.5,38.18,86.67,77.11,76.0,100,100,9.09,90.91,73.69,High Potential,"Fitness Centers, Cafes, Boutiques",10.36,75.06
AREA_121,Phase 7 Zone 2,Chandigarh,Semi-Urban,Residential,146368.0,17.0,14.0,4.0,3,2,2.0,2.0,86.0,53.0,Medium,4.0,4,3.0,45.0,799.0,21929.0,Growing,4193.0,13157.0,Rising,3.6,1879.0,14.0,23613.0,2025-01-02,Low,Easy,High rent,13.0,21929.0,21929.0,4193.0,35.0,32.71,112.5,29.72,73.33,52.76,72.0,100,100,10.53,89.47,61.42,Moderate Potential,"Grocery Stores, Pharmacies, Education Centers",15.37,57.96
AREA_122,Phase 9 Zone 2,Ambala,Semi-Urban,Residential,148170.0,20.0,14.0,6.0,2,1,2.0,1.0,111.0,46.0,Medium,3.0,4,3.0,46.0,672.0,21633.0,Declining,4207.0,12979.0,Rising,4.0,1831.0,14.0,15450.0,2025-01-18,High,Easy,Poor infrastructure,2.0,21633.0,21633.0,4207.0,40.0,37.38,134.0,35.4,66.67,52.94,80.0,20,30,4.76,95.24,44.2,Moderate Potential,"Grocery Stores, Pharmacies, Education Centers",13.33,47.7
AREA_123,Phase 10 Zone 2,Chandigarh,Rural,Residential,140342.0,6.0,2.0,7.0,1,2,,1.0,48.0,14.0,Low,2.0,3,2.0,14.0,665.0,6059.0,Declining,2482.0,3635.0,Rising,4.5,1285.0,2.0,8864.0,2025-01-09,Low,Easy,parking shortage,,6059.0,6059.0,2482.0,15.0,14.02,55.0,14.53,46.67,31.23,90.0,20,100,14.29,85.71000000000001,38.17,Low Potential,"Essential Services, Kirana, Mobile Recharge",26.0,35.39
AREA_124,Phase 11 Zone 2,Mohali,Semi-Urban,Residential,144816.0,27.0,9.0,2.0,3,4,3.0,5.0,97.0,43.0,Medium,3.0,3,2.0,40.0,860.0,17613.0,Declining,4140.0,10567.0,Rising,3.2,238.0,9.0,16853.0,2025-01-02,High,Difficult,Low footfall,14.0,17613.0,17613.0,4140.0,38.0,35.51,118.5,31.31,53.33,52.1,64.0,20,30,15.62,84.38,39.39,Low Potential,"Essential Services, Kirana, Mobile Recharge",24.94,44.47
AREA_125,Sector 70 Zone 2,Zirakpur,Rural,Residential,147054.0,11.0,2.0,4.0,3,1,2.0,1.0,34.0,17.0,Low,2.0,3,3.0,23.0,1342.0,7733.0,Stable,2431.0,4639.0,Rising,4.2,133.0,2.0,21979.0,2025-01-14,Medium,Moderate,parking shortage,0.0,7733.0,7733.0,2440.0,17.0,15.89,42.5,11.23,53.33,30.59,84.0,60,60,8.33,91.67,40.27,Moderate Potential,"Grocery Stores, Pharmacies, Education Centers",19.83,36.4
AREA_126,Sector 82 Zone 2,Ludhiana,Semi-Urban,Mixed,148872.0,15.0,8.0,2.0,6,5,1.0,1.0,111.0,66.0,Medium,4.0,4,3.0,61.0,761.0,15789.0,Declining,3955.0,9473.0,Stable,3.8,248.0,8.0,32861.0,2025-01-24,High,Difficult,Poor infrastructure,1.0,15789.0,15789.0,3955.0,25.0,23.36,144.0,38.04,73.33,49.77,76.0,20,30,6.25,93.75,42.09,Moderate Potential,"Grocery Stores, Pharmacies, Education Centers",12.38,45.16
AREA_127,Sector 88 Zone 2,Ambala,Urban,Residential,146380.0,8.0,2.0,9.0,6,5,,1.0,48.0,25.0,Medium,5.0,5,3.0,22.0,1451.0,8117.0,Stable,2666.0,4870.0,Falling,4.7,,2.0,32383.0,2025-01-23,Low,Easy,parking shortage,,8117.0,8117.0,2666.0,19.0,17.76,60.5,15.98,86.67,33.55,94.0,60,100,11.11,88.89,51.85,Moderate Potential,"Grocery Stores, Pharmacies, Education Centers",11.78,44.53
AREA_128,Kharar Main Market Zone 2,Zirakpur,Urban,Mixed,144032.0,43.0,14.0,11.0,5,5,4.0,5.0,130.0,43.0,Medium,5.0,5,4.0,51.0,678.0,20623.0,Growing,5209.0,12373.0,Falling,3.5,2208.0,14.0,49265.0,2025-01-06,Low,Difficult,High rent,9.0,20623.0,20623.0,5209.0,68.0,63.55,151.5,40.03,93.33,65.55,70.0,100,100,10.42,89.58,73.78,High Potential,"Fitness Centers, Cafes, Boutiques",9.3,70.49
AREA_129,Kharar Landran Road Zone 2,Chandigarh,Rural,Residential,148441.0,5.0,4.0,6.0,6,4,2.0,0.0,46.0,13.0,Low,3.0,3,3.0,14.0,1378.0,6005.0,Declining,2578.0,3603.0,Rising,3.9,381.0,4.0,7740.0,2025-01-09,Low,Moderate,Poor infrastructure,12.0,6005.0,6005.0,2578.0,15.0,14.02,52.5,13.87,60.0,32.44,78.0,20,100,0.0,100.0,38.99,Low Potential,"Essential Services, Kirana, Mobile Recharge",12.0,36.37
AREA_130,Kurali Zone 2,Panchkula,Semi-Urban,Mixed,144297.0,25.0,9.0,2.0,4,1,2.0,3.0,111.0,51.0,Medium,4.0,4,3.0,42.0,729.0,15757.0,Declining,3605.0,9454.0,Rising,3.6,509.0,9.0,16554.0,2025-01-27,High,Moderate,High rent,4.0,15757.0,15757.0,3605.0,36.0,33.64,136.5,36.06,73.33,45.36,72.0,20,30,10.71,89.28999999999999,42.86,Moderate Potential,"Grocery Stores, Pharmacies, Education Centers",15.5,43.86
AREA_131,Mullanpur Zone 2,Ambala,Urban,Commercial,149452.0,50.0,32.0,12.0,8,7,2.0,6.0,232.0,133.0,High,4.0,4,4.0,108.0,673.0,40416.0,Stable,7722.0,24249.0,Falling,4.6,1482.0,32.0,30864.0,2025-01-27,Low,Difficult,High rent,19.0,40416.0,40416.0,7722.0,94.0,87.85,298.5,78.86,80.0,97.17,92.0,60,100,10.71,89.28999999999999,83.63,High Potential,"Premium F&B, Tech Retail, Co-working",13.5,89.05
AREA_132,Nayagaon Zone 2,Ambala,Semi-Urban,Commercial,148135.0,16.0,10.0,9.0,2,1,1.0,1.0,84.0,32.0,Medium,3.0,4,2.0,56.0,803.0,15935.0,Declining,4618.0,9561.0,Falling,4.2,1825.0,10.0,32133.0,2025-01-13,Low,Moderate,High rent,3.0,15935.0,15935.0,4618.0,35.0,32.71,100.0,26.42,60.0,58.11,84.0,20,100,5.88,94.12,48.67,Moderate Potential,"Retail Chains, Quick Service Restaurants, Banks",16.12,52.45
AREA_133,Derabassi Zone 2,Amritsar,Semi-Urban,Commercial,142944.0,31.0,15.0,3.0,3,5,3.0,5.0,108.0,50.0,Medium,4.0,4,3.0,42.0,1019.0,14576.0,Stable,4884.0,8745.0,Stable,3.3,348.0,15.0,27805.0,2025-01-04,Low,Difficult,parking shortage,0.0,14576.0,14576.0,4884.0,49.0,45.79,133.0,35.14,73.33,61.46,66.0,60,100,13.89,86.11,59.46,Moderate Potential,"Retail Chains, Quick Service Restaurants, Banks",17.72,60.26
AREA_134,Dera Bassi Industrial Zone 2,Mohali,Urban,Commercial,140607.0,63.0,30.0,9.0,6,4,5.0,11.0,285.0,136.0,High,4.0,5,4.0,192.0,1194.0,30123.0,Growing,6156.0,18073.0,Stable,3.8,2213.0,30.0,37503.0,2025-01-23,Low,Moderate,High rent,16.0,30123.0,30123.0,6156.0,102.0,95.33,353.0,93.26,86.67,77.46,76.0,100,100,14.86,85.14,90.75,High Potential,"Premium F&B, Tech Retail, Co-working",14.4,85.43
AREA_135,Landran College Area Zone 2,Panchkula,Rural,Mixed,144544.0,10.0,3.0,2.0,3,2,2.0,0.0,37.0,19.0,Low,2.0,3,2.0,19.0,1249.0,7912.0,Declining,2615.0,4747.0,Rising,3.7,607.0,3.0,14284.0,2025-01-16,Low,Difficult,High rent,13.0,7912.0,7912.0,2615.0,15.0,14.02,46.5,12.29,46.67,32.91,74.0,20,100,0.0,100.0,36.37,Low Potential,"Essential Services, Kirana, Mobile Recharge",16.0,34.99
AREA_136,Banur Zone 2,Zirakpur,Rural,Residential,148158.0,8.0,6.0,2.0,5,4,2.0,0.0,28.0,9.0,Low,3.0,2,3.0,18.0,919.0,6842.0,Growing,2201.0,4105.0,Falling,3.6,2080.0,6.0,13009.0,2025-01-27,High,Easy,Low footfall,13.0,6842.0,6842.0,2440.0,16.0,14.95,32.5,8.59,53.33,27.7,72.0,100,30,0.0,100.0,41.06,Moderate Potential,"Grocery Stores, Pharmacies, Education Centers",14.0,35.72
AREA_137,Lalru Zone 2,Mohali,Urban,Commercial,145993.0,49.0,20.0,12.0,9,3,2.0,6.0,206.0,78.0,High,4.0,5,3.0,74.0,1340.0,34580.0,Declining,7268.0,20748.0,Falling,4.4,1117.0,20.0,41895.0,2025-01-24,High,Moderate,Poor infrastructure,9.0,34580.0,34580.0,7268.0,81.0,75.7,245.0,64.73,80.0,91.46,88.0,20,30,10.91,89.09,64.57,Moderate Potential,"Retail Chains, Quick Service Restaurants, Banks",13.64,75.33
AREA_138,Gharuan Zone 2,Ambala,Urban,Commercial,146543.0,64.0,29.0,5.0,6,5,2.0,3.0,265.0,128.0,High,5.0,5,4.0,126.0,1129.0,30287.0,Stable,6518.0,18172.0,Stable,3.8,1025.0,29.0,37959.0,2025-01-25,Medium,Easy,High rent,8.0,30287.0,30287.0,6518.0,98.0,91.59,329.0,86.92,93.33,82.02,76.0,60,60,4.48,95.52,80.41,High Potential,"Premium F&B, Tech Retail, Co-working",5.14,81.05
AREA_139,Morinda Zone 2,Mohali,Urban,Commercial,146567.0,66.0,21.0,12.0,8,7,3.0,5.0,281.0,93.0,High,5.0,5,4.0,100.0,534.0,40094.0,Declining,7849.0,24056.0,Rising,4.1,1333.0,21.0,34486.0,2025-01-21,Low,Moderate,High rent,10.0,40094.0,40094.0,7849.0,99.0,92.52,327.5,86.53,93.33,98.77,82.0,20,100,7.04,92.96,81.13,High Potential,"Premium F&B, Tech Retail, Co-working",6.93,88.19
AREA_140,Airport Road Zone 2,Panchkula,Urban,Commercial,148880.0,46.0,21.0,11.0,6,3,4.0,4.0,228.0,124.0,High,5.0,4,4.0,125.0,794.0,37759.0,Declining,7678.0,22655.0,Rising,3.4,1226.0,21.0,45876.0,2025-01-20,Low,Easy,Low footfall,19.0,37759.0,37759.0,7678.0,78.0,72.9,290.0,76.62,86.67,96.62,68.0,20,100,8.0,92.0,72.77,High Potential,"Premium F&B, Tech Retail, Co-working",9.6,82.31
AREA_141,Sector 5 Zone 2,Panchkula,Semi-Urban,Commercial,144023.0,33.0,15.0,5.0,6,3,2.0,2.0,105.0,48.0,Medium,3.0,3,2.0,48.0,1211.0,17350.0,Stable,4348.0,10410.0,Falling,4.2,1153.0,15.0,16828.0,2025-01-02,Medium,Difficult,parking shortage,11.0,17350.0,17350.0,4348.0,53.0,49.53,129.0,34.08,53.33,54.71,84.0,60,60,5.71,94.29,54.01,Moderate Potential,"Retail Chains, Quick Service Restaurants, Banks",18.0,54.29
AREA_142,Sector 9 Zone 2,Patiala,Semi-Urban,Commercial,144041.0,25.0,12.0,8.0,1,5,,4.0,117.0,46.0,Medium,3.0,3,3.0,43.0,680.0,16747.0,Stable,4847.0,10048.0,Falling,4.2,,12.0,16646.0,2025-01-20,Low,Easy,High rent,,16747.0,16747.0,4847.0,45.0,42.06,140.0,36.99,60.0,60.99,84.0,60,100,13.79,86.21000000000001,58.79,Moderate Potential,"Retail Chains, Quick Service Restaurants, Banks",21.65,59.67
AREA_143,Sector 12 Zone 2,Karnal,Semi-Urban,Commercial,141208.0,27.0,13.0,2.0,6,2,1.0,3.0,80.0,34.0,Medium,3.0,4,2.0,40.0,1405.0,16065.0,Growing,4866.0,9639.0,Rising,4.0,842.0,13.0,25197.0,2025-01-19,High,Easy,Poor infrastructure,6.0,16065.0,16065.0,4866.0,42.0,39.25,97.0,25.63,60.0,61.23,80.0,100,30,10.0,90.0,54.81,Moderate Potential,"Retail Chains, Quick Service Restaurants, Banks",19.0,57.38
AREA_144,Sector 14 Zone 2,Shimla,Rural,Mixed,147894.0,11.0,2.0,7.0,3,5,1.0,0.0,43.0,29.0,Low,2.0,2,3.0,27.0,557.0,9823.0,Declining,2125.0,5893.0,Rising,4.0,1044.0,2.0,5213.0,2025-01-11,Low,Easy,High rent,2.0,9823.0,9823.0,2440.0,20.0,18.69,57.5,15.19,46.67,26.74,80.0,20,100,0.0,100.0,37.68,Low Potential,"Essential Services, Kirana, Mobile Recharge",16.0,33.3
AREA_145,Sector 20 Zone 2,Ambala,Urban,Commercial,146596.0,42.0,22.0,12.0,4,6,,3.0,228.0,119.0,High,4.0,5,3.0,142.0,1197.0,38781.0,Stable,6691.0,23268.0,Falling,3.4,,22.0,41996.0,2025-01-17,Medium,Easy,parking shortage,,38781.0,38781.0,6691.0,76.0,71.03,287.5,75.96,80.0,84.2,68.0,60,60,6.67,93.33,71.78,High Potential,"Premium F&B, Tech Retail, Co-working",10.67,76.75
AREA_146,Mansa Devi Complex Zone 2,Shimla,Semi-Urban,Mixed,140911.0,29.0,11.0,7.0,1,3,1.0,1.0,96.0,33.0,Medium,3.0,4,2.0,44.0,1297.0,18315.0,Declining,3911.0,10989.0,Stable,3.9,652.0,11.0,23476.0,2025-01-08,High,Difficult,parking shortage,7.0,18315.0,18315.0,3911.0,47.0,43.93,112.5,29.72,60.0,49.21,78.0,20,30,3.33,96.67,42.84,Moderate Potential,"Grocery Stores, Pharmacies, Education Centers",14.33,45.39
AREA_147,Industrial Area Zone 2,Chandigarh,Semi-Urban,Commercial,148040.0,25.0,10.0,7.0,1,3,1.0,2.0,95.0,39.0,Medium,4.0,4,2.0,53.0,1222.0,15441.0,Stable,3846.0,9264.0,Stable,3.3,1093.0,10.0,16887.0,2025-01-24,High,Difficult,Poor infrastructure,10.0,15441.0,15441.0,3846.0,42.0,39.25,114.5,30.25,66.67,48.4,66.0,60,30,7.41,92.59,47.7,Moderate Potential,"Retail Chains, Quick Service Restaurants, Banks",15.19,47.98
AREA_148,Kalka Zone 2,Panchkula,Semi-Urban,Commercial,145514.0,29.0,11.0,3.0,4,1,0.0,4.0,108.0,59.0,Medium,3.0,4,3.0,60.0,814.0,16384.0,Declining,4545.0,9830.0,Rising,4.2,363.0,11.0,22044.0,2025-01-25,Low,Easy,parking shortage,9.0,16384.0,16384.0,4545.0,43.0,40.19,137.5,36.33,66.67,57.19,84.0,20,100,12.12,87.88,52.84,Moderate Potential,"Retail Chains, Quick Service Restaurants, Banks",18.48,54.58
AREA_149,Pinjore Zone 2,Patiala,Urban,Residential,144890.0,8.0,5.0,8.0,6,4,4.0,1.0,39.0,15.0,Medium,4.0,4,3.0,14.0,985.0,9110.0,Declining,2767.0,5466.0,Rising,3.9,1413.0,5.0,45231.0,2025-01-23,Medium,Easy,Poor infrastructure,,9110.0,9110.0,2767.0,21.0,19.63,46.5,12.29,73.33,34.82,78.0,20,60,11.11,88.89,38.12,Low Potential,"Essential Services, Kirana, Mobile Recharge",15.78,36.8
AREA_150,Barwala Zone 2,Patiala,Urban,Commercial,,,,,7,6,,,102.4,61.0,Medium,6.0,5,,60.0,1003.2,,Declining,,,Falling,,,,,,High,Easy,High rent,,38797.0,,,,,132.9,35.11,110.0,,,20,30,,,,Low Potential,"Essential Services, Kirana, Mobile Recharge",,
AREA_151,Zirakpur Main Market Zone 2,Mohali,Urban,Commercial,140615.0,54.0,25.0,5.0,4,3,3.0,6.0,223.0,91.0,High,5.0,5,3.0,76.0,975.0,33932.0,Growing,6137.0,20359.0,Stable,4.3,2199.0,25.0,31223.0,2025-01-18,High,Difficult,High rent,10.0,33932.0,33932.0,6137.0,84.0,78.5,268.5,70.94,86.67,77.22,86.0,100,30,10.0,90.0,77.34,High Potential,"Premium F&B, Tech Retail, Co-working",11.0,77.29
AREA_152,VIP Road Zone 2,Karnal,Rural,Residential,147038.0,11.0,2.0,6.0,6,3,,1.0,34.0,19.0,Low,2.0,3,3.0,19.0,1299.0,5301.0,Declining,2784.0,3180.0,Rising,3.8,1985.0,2.0,19360.0,2025-01-04,Low,Easy,High rent,,5301.0,5845.0,2784.0,19.0,17.76,43.5,11.49,53.33,35.03,76.0,20,100,8.33,91.67,38.42,Low Potential,"Essential Services, Kirana, Mobile Recharge",19.83,37.06
AREA_153,Peer Muchalla Zone 2,Zirakpur,Urban,Mixed,146845.0,36.0,16.0,6.0,5,4,,3.0,167.0,111.0,Medium,4.0,5,4.0,56.0,1233.0,30309.0,Declining,5506.0,18185.0,Falling,3.7,,16.0,44549.0,2025-01-13,High,Easy,High rent,,30309.0,30309.0,5506.0,58.0,54.21,222.5,58.78,86.67,69.28,74.0,20,30,7.69,92.31,56.14,Moderate Potential,"Grocery Stores, Pharmacies, Education Centers",9.38,61.4
AREA_154,Baltana Zone 2,Ambala,Semi-Urban,Residential,149830.0,16.0,15.0,3.0,4,2,1.0,2.0,66.0,45.0,Medium,4.0,4,2.0,36.0,801.0,14413.0,Declining,4395.0,8647.0,Rising,4.6,640.0,15.0,33215.0,2025-01-14,High,Difficult,Low footfall,6.0,14413.0,14413.0,4395.0,34.0,31.78,88.5,23.38,66.67,55.3,92.0,20,30,11.11,88.89,42.4,Moderate Potential,"Grocery Stores, Pharmacies, Education Centers",17.78,47.56
AREA_155,Lohgarh Zone 2,Solan,Semi-Urban,Mixed,148771.0,26.0,15.0,4.0,4,5,1.0,2.0,99.0,31.0,Medium,3.0,3,3.0,42.0,1235.0,21718.0,Declining,4989.0,13030.0,Falling,3.9,911.0,15.0,27089.0,2025-01-01,Low,Moderate,High rent,3.0,21718.0,21718.0,4989.0,45.0,42.06,114.5,30.25,60.0,62.78,78.0,20,100,7.14,92.86,51.19,Moderate Potential,"Grocery Stores, Pharmacies, Education Centers",17.0,55.83
AREA_156,Gazipur Zone 2,Zirakpur,Urban,Mixed,143269.0,28.0,21.0,6.0,5,3,2.0,3.0,132.0,50.0,Medium,5.0,5,3.0,69.0,1486.0,30144.0,Stable,5351.0,18086.0,Stable,3.6,2008.0,21.0,30969.0,2025-01-04,Medium,Moderate,Poor infrastructure,10.0,30144.0,30144.0,5351.0,55.0,51.4,157.0,41.48,86.67,67.33,72.0,60,60,9.68,90.32,61.03,Moderate Potential,"Grocery Stores, Pharmacies, Education Centers",10.78,63.55
AREA_157,Ambala Cantt Zone 2,Chandigarh,Semi-Urban,Residential,141260.0,19.0,14.0,7.0,2,3,2.0,3.0,80.0,51.0,Medium,4.0,3,2.0,55.0,1294.0,14593.0,Stable,4759.0,8755.0,Falling,4.1,433.0,14.0,23212.0,2025-01-01,Low,Difficult,Poor infrastructure,13.0,14593.0,14593.0,4759.0,40.0,37.38,105.5,27.87,60.0,59.88,82.0,60,100,13.64,86.36,55.88,Moderate Potential,"Grocery Stores, Pharmacies, Education Centers",21.55,57.48
AREA_158,Ambala City Market Zone 2,Zirakpur,Urban,Mixed,140165.0,26.0,17.0,5.0,5,6,5.0,2.0,171.0,55.0,Medium,5.0,4,3.0,104.0,1444.0,25914.0,Stable,5087.0,15548.0,Rising,4.4,779.0,17.0,34456.0,2025-01-23,Low,Difficult,High rent,12.0,25914.0,25914.0,5087.0,48.0,44.86,198.5,52.44,80.0,64.01,88.0,60,100,7.14,92.86,65.89,Moderate Potential,"Grocery Stores, Pharmacies, Education Centers",11.0,65.14
AREA_159,Saha Zone 2,Karnal,Semi-Urban,Residential,141446.0,18.0,8.0,,6,3,,2.0,91.0,39.0,Medium,4.0,3,2.0,60.0,1031.4,17861.0,Declining,4939.0,,Falling,3.8,,,32982.0,2025-01-21,High,Easy,High rent,,17861.0,17861.0,4939.0,,,110.5,29.19,60.0,62.15,76.0,20,30,10.0,90.0,,Low Potential,"Essential Services, Kirana, Mobile Recharge",19.0,
AREA_160,Naraingarh Zone 2,Chandigarh,Urban,Commercial,147516.0,54.0,21.0,,8,6,,5.0,297.0,163.0,High,5.0,4,3.0,179.0,996.2,38797.0,Declining,6926.0,,Stable,4.0,,,36308.0,2025-01-12,High,Easy,High rent,,38797.0,38797.0,6926.0,,,378.5,100.0,80.0,87.15,80.0,20,30,8.47,91.53,,Low Potential,"Essential Services, Kirana, Mobile Recharge",11.93,
AREA_161,Shahzadpur Zone 2,Mohali,Urban,Residential,148440.0,6.0,3.0,12.0,4,5,2.0,0.0,21.0,14.0,Medium,5.0,5,4.0,9.0,781.0,9205.0,Declining,2252.0,5523.0,Rising,4.3,510.0,3.0,33315.0,2025-01-23,High,Easy,High rent,16.0,9205.0,9205.0,2440.0,21.0,19.63,28.0,7.4,93.33,28.34,86.0,20,30,0.0,100.0,37.26,Low Potential,"Essential Services, Kirana, Mobile Recharge",2.0,33.69
AREA_162,Rajpura Zone 2,Zirakpur,Semi-Urban,Mixed,142614.0,28.0,12.0,4.0,6,3,1.0,5.0,110.0,69.0,Medium,4.0,4,3.0,46.0,935.0,20553.0,Growing,4412.0,12331.0,Rising,3.8,764.0,12.0,16848.0,2025-01-17,Medium,Easy,parking shortage,14.0,20553.0,20553.0,4412.0,44.0,41.12,144.5,38.18,73.33,55.52,76.0,100,60,15.15,84.85,61.36,Moderate Potential,"Grocery Stores, Pharmacies, Education Centers",18.61,59.02
AREA_163,Nabha Zone 2,Mohali,Semi-Urban,Mixed,140896.0,27.0,9.0,4.0,3,5,0.0,2.0,96.0,62.0,Medium,4.0,4,3.0,62.0,894.0,12037.0,Growing,3675.0,7222.0,Rising,3.2,657.0,9.0,15871.0,2025-01-07,Medium,Difficult,High rent,6.0,12037.0,12037.0,3675.0,40.0,37.38,127.0,33.55,73.33,46.24,64.0,100,60,6.9,93.1,57.46,Moderate Potential,"Grocery Stores, Pharmacies, Education Centers",12.83,52.97
AREA_164,Samana Zone 2,Zirakpur,Semi-Urban,Residential,140434.0,23.0,14.0,9.0,3,1,0.0,3.0,97.0,55.0,Medium,3.0,3,3.0,32.0,1299.0,16035.0,Stable,3886.0,9621.0,Stable,3.9,1054.0,14.0,25213.0,2025-01-21,Medium,Easy,High rent,2.0,16035.0,16035.0,3886.0,46.0,42.99,124.5,32.89,60.0,48.9,78.0,60,60,11.54,88.46000000000001,52.19,Moderate Potential,"Grocery Stores, Pharmacies, Education Centers",20.08,50.87
AREA_165,Patran Zone 2,Ambala,Urban,Commercial,147093.0,44.0,32.0,11.0,7,4,5.0,6.0,281.0,153.0,High,4.0,4,3.0,178.0,504.0,41292.0,Growing,6826.0,24775.0,Rising,3.9,694.0,32.0,34731.0,2025-01-28,Low,Moderate,parking shortage,,41292.0,41292.0,6826.0,87.0,81.31,357.5,94.45,73.33,85.89,78.0,100,100,12.0,88.0,87.37,High Potential,"Premium F&B, Tech Retail, Co-working",16.4,86.78
AREA_166,Ferozepur Road Zone 2,Panchkula,Urban,Commercial,143970.0,56.0,21.0,5.0,4,7,4.0,10.0,296.0,104.0,High,4.0,4,4.0,192.0,660.0,46740.0,Declining,7830.0,28044.0,Rising,3.7,2334.0,21.0,41297.0,2025-01-11,Medium,Easy,parking shortage,15.0,46740.0,46740.0,7830.0,82.0,76.64,348.0,91.94,80.0,98.53,74.0,20,60,15.15,84.85,72.1,High Potential,"Premium F&B, Tech Retail, Co-working",16.61,82.67
AREA_167,Model Town Zone 2,Zirakpur,Semi-Urban,Commercial,144537.0,18.0,8.0,3.0,5,5,1.0,2.0,101.0,56.0,Medium,3.0,4,3.0,70.0,1157.0,17307.0,Growing,3765.0,10384.0,Stable,4.2,996.0,8.0,26681.0,2025-01-05,Low,Easy,Low footfall,0.0,17307.0,17307.0,3765.0,29.0,27.1,129.0,34.08,66.67,47.38,84.0,100,100,10.0,90.0,60.64,Moderate Potential,"Retail Chains, Quick Service Restaurants, Banks",17.0,55.34
AREA_168,Civil Lines Zone 2,Ambala,Urban,Commercial,142490.0,67.0,30.0,10.0,8,5,5.0,11.0,213.0,120.0,High,4.0,4,3.0,78.0,1331.0,46112.0,Declining,7710.0,27667.0,Stable,4.6,1560.0,30.0,47793.0,2025-01-28,Low,Easy,High rent,5.0,46112.0,46112.0,7710.0,107.0,100.0,273.0,72.13,73.33,97.02,92.0,20,100,14.1,85.9,77.83,High Potential,"Premium F&B, Tech Retail, Co-working",17.87,85.51
AREA_169,PAU Campus Zone 2,Solan,Semi-Urban,Residential,144865.0,34.0,8.0,7.0,6,5,2.0,3.0,77.0,41.0,Medium,3.0,3,2.0,39.0,1184.0,14629.0,Stable,4017.0,8777.0,Rising,3.5,373.0,8.0,30597.0,2025-01-04,High,Easy,High rent,10.0,14629.0,14629.0,4017.0,49.0,45.79,97.5,25.76,53.33,50.55,70.0,60,30,8.11,91.89,46.86,Moderate Potential,"Grocery Stores, Pharmacies, Education Centers",19.68,48.34
AREA_170,Dugri Zone 2,Ambala,Semi-Urban,Commercial,140163.0,19.0,10.0,6.0,1,4,2.0,2.0,103.0,60.0,Medium,4.0,3,3.0,49.0,1291.0,21995.0,Growing,3707.0,13197.0,Rising,4.3,227.0,10.0,15567.0,2025-01-27,High,Moderate,Poor infrastructure,9.0,21995.0,21995.0,3707.0,35.0,32.71,133.0,35.14,66.67,46.65,86.0,100,30,9.52,90.48,55.07,Moderate Potential,"Retail Chains, Quick Service Restaurants, Banks",16.66,51.7
AREA_171,Sarabha Nagar Zone 2,Mohali,Semi-Urban,Commercial,141349.0,26.0,11.0,7.0,1,2,0.0,2.0,96.0,57.0,Medium,3.0,4,3.0,49.0,856.0,20201.0,Stable,4775.0,12120.0,Falling,4.2,892.0,11.0,27578.0,2025-01-06,Medium,Difficult,Low footfall,4.0,20201.0,20201.0,4775.0,44.0,41.12,124.5,32.89,66.67,60.09,84.0,60,60,7.14,92.86,54.76,Moderate Potential,"Retail Chains, Quick Service Restaurants, Banks",15.0,56.89
AREA_172,Rajguru Nagar Zone 2,Panchkula,Semi-Urban,Commercial,146063.0,15.0,8.0,4.0,1,3,2.0,1.0,114.0,53.0,Medium,4.0,3,2.0,77.0,941.0,21051.0,Declining,4971.0,12630.0,Rising,4.4,1440.0,8.0,32830.0,2025-01-06,Low,Moderate,parking shortage,12.0,21051.0,21051.0,4971.0,27.0,25.23,140.5,37.12,60.0,62.55,88.0,20,100,6.25,93.75,50.03,Moderate Potential,"Retail Chains, Quick Service Restaurants, Banks",16.38,55.04
AREA_173,Model Town JL Zone 2,Karnal,Rural,Residential,145692.0,9.0,4.0,7.0,6,5,3.0,1.0,42.0,14.0,Low,2.0,2,3.0,26.0,1316.0,5310.0,Declining,2920.0,3186.0,Rising,3.8,1729.0,4.0,17612.0,2025-01-20,High,Moderate,High rent,12.0,5310.0,5845.0,2920.0,20.0,18.69,49.0,12.95,46.67,36.74,76.0,20,30,10.0,90.0,31.08,Low Potential,"Essential Services, Kirana, Mobile Recharge",23.0,33.34
AREA_174,Civil Lines JL Zone 2,Solan,Rural,Mixed,145312.0,5.0,5.0,3.0,4,5,3.0,0.0,43.0,19.0,Low,3.0,2,2.0,25.0,1294.0,5832.0,Declining,2440.0,3499.0,Stable,4.7,1250.0,5.0,21334.0,2025-01-01,Medium,Easy,Poor infrastructure,7.0,5832.0,5845.0,2440.0,13.0,12.15,52.5,13.87,46.67,30.7,94.0,20,60,0.0,100.0,34.01,Low Potential,"Essential Services, Kirana, Mobile Recharge",16.0,32.69
AREA_175,GT Road Jalandhar Zone 2,Karnal,Semi-Urban,Residential,141322.0,21.0,10.0,7.0,5,4,3.0,3.0,101.0,68.0,Medium,3.0,4,2.0,45.0,629.0,14228.0,Stable,4716.0,8536.0,Falling,3.8,405.0,10.0,34774.0,2025-01-05,High,Moderate,Poor infrastructure,9.0,14228.0,14228.0,4716.0,38.0,35.51,135.0,35.67,60.0,59.34,76.0,60,30,12.5,87.5,49.24,Moderate Potential,"Grocery Stores, Pharmacies, Education Centers",20.75,53.28
AREA_176,Nakodar Zone 2,Panchkula,Urban,Commercial,142396.0,55.0,20.0,11.0,7,3,3.0,7.0,286.0,111.0,High,5.0,5,4.0,158.0,938.0,35890.0,Growing,7653.0,21534.0,Stable,3.8,2341.0,20.0,46731.0,2025-01-05,Medium,Moderate,Low footfall,18.0,35890.0,35890.0,7653.0,86.0,80.37,341.5,90.22,93.33,96.3,76.0,100,60,11.29,88.71000000000001,86.47,High Potential,"Premium F&B, Tech Retail, Co-working",9.9,90.4
AREA_177,Phillaur Zone 2,Chandigarh,Urban,Mixed,143932.0,28.0,17.0,8.0,5,7,4.0,2.0,140.0,49.0,Medium,4.0,5,4.0,49.0,951.0,24858.0,Stable,5748.0,14914.0,Falling,4.6,879.0,17.0,30696.0,2025-01-03,Low,Difficult,Poor infrastructure,6.0,24858.0,24858.0,5748.0,53.0,49.53,164.5,43.46,86.67,72.33,92.0,60,100,6.67,93.33,67.61,Moderate Potential,"Grocery Stores, Pharmacies, Education Centers",8.67,69.5
AREA_178,Golden Temple Area Zone 2,Ludhiana,Semi-Urban,Mixed,144250.0,28.0,10.0,6.0,3,1,3.0,3.0,72.0,36.0,Medium,3.0,3,2.0,48.0,623.0,17444.0,Declining,4537.0,10466.0,Falling,3.6,1012.0,10.0,33758.0,2025-01-19,High,Easy,parking shortage,1.0,17444.0,17444.0,4537.0,44.0,41.12,90.0,23.78,53.33,57.09,72.0,20,30,9.68,90.32,40.55,Moderate Potential,"Grocery Stores, Pharmacies, Education Centers",20.78,47.17
AREA_179,Ranjit Avenue Zone 2,Ambala,Urban,Commercial,144045.0,66.0,28.0,12.0,5,4,2.0,4.0,269.0,96.0,High,5.0,5,3.0,150.0,929.0,43293.0,Declining,7261.0,25975.0,Stable,4.2,1297.0,28.0,32442.0,2025-01-14,Low,Moderate,Poor infrastructure,18.0,43293.0,43293.0,7261.0,106.0,99.07,317.0,83.75,86.67,91.37,84.0,20,100,5.71,94.29,80.25,High Potential,"Premium F&B, Tech Retail, Co-working",8.0,84.7
AREA_180,Lawrence Road Zone 2,Zirakpur,Semi-Urban,Mixed,,29.0,,,5,2,,5.0,98.2,53.0,Medium,,4,3.0,51.8,899.8,,Declining,,,Rising,,,,20223.0,,Low,Easy,High rent,,16898.0,,,,,124.7,32.95,70.0,,,20,100,14.71,85.28999999999999,,Low Potential,"Essential Services, Kirana, Mobile Recharge",19.3,
AREA_181,Mall Road ASR Zone 2,Jalandhar,Semi-Urban,Residential,147089.0,31.0,12.0,6.0,2,2,0.0,6.0,116.0,50.0,Medium,4.0,3,3.0,58.0,978.0,16173.0,Growing,3798.0,9703.0,Stable,3.3,1692.0,12.0,23652.0,2025-01-26,Low,Easy,Low footfall,5.0,16173.0,16173.0,3798.0,49.0,45.79,141.0,37.25,66.67,47.79,66.0,100,100,16.22,83.78,63.2,Moderate Potential,"Grocery Stores, Pharmacies, Education Centers",21.35,57.04
AREA_182,Chheharta Zone 2,Amritsar,Semi-Urban,Residential,144001.0,27.0,10.0,6.0,4,4,3.0,4.0,106.0,61.0,Medium,3.0,4,2.0,69.0,771.0,18759.0,Growing,4629.0,11255.0,Stable,4.3,2064.0,10.0,34288.0,2025-01-26,High,Easy,High rent,2.0,18759.0,18759.0,4629.0,43.0,40.19,136.5,36.06,60.0,58.25,86.0,100,30,12.9,87.1,57.12,Moderate Potential,"Grocery Stores, Pharmacies, Education Centers",21.03,57.57
AREA_183,Mall Road Shimla Zone 2,Mohali,Urban,Residential,144840.0,9.0,2.0,11.0,9,3,5.0,0.0,47.0,18.0,Medium,4.0,4,4.0,22.0,908.0,5845.0,Stable,2513.0,3507.0,Rising,4.3,1259.0,2.0,30203.0,2025-01-08,High,Easy,parking shortage,19.0,5845.0,5845.0,2513.0,22.0,20.56,56.0,14.8,80.0,31.62,86.0,60,30,0.0,100.0,43.17,Moderate Potential,"Grocery Stores, Pharmacies, Education Centers",6.0,38.55
AREA_184,Lakkar Bazaar Zone 2,Panchkula,Urban,Commercial,144176.0,49.0,20.0,7.0,5,5,5.0,3.0,260.0,111.0,High,5.0,5,3.0,126.0,863.0,44380.0,Growing,6977.0,26628.0,Rising,3.8,1762.0,20.0,44133.0,2025-01-06,High,Difficult,High rent,5.0,44380.0,44380.0,6977.0,76.0,71.03,315.5,83.36,86.67,87.79,76.0,100,30,5.77,94.23,78.35,High Potential,"Premium F&B, Tech Retail, Co-working",8.04,82.13
AREA_185,Lower Bazaar Zone 2,Amritsar,Semi-Urban,Commercial,144484.0,30.0,11.0,7.0,5,1,3.0,2.0,67.0,43.0,Medium,3.0,4,2.0,39.0,1176.0,12247.0,Growing,4086.0,7348.0,Falling,4.3,1720.0,11.0,28686.0,2025-01-20,High,Easy,High rent,,12247.0,12247.0,4086.0,48.0,44.86,88.5,23.38,60.0,51.42,86.0,100,30,6.25,93.75,54.95,Moderate Potential,"Retail Chains, Quick Service Restaurants, Banks",16.38,53.54
AREA_186,Sanjauli Zone 2,Amritsar,Rural,Mixed,147953.0,12.0,2.0,8.0,4,1,,0.0,39.0,15.0,Low,2.0,2,3.0,24.0,520.0,9174.0,Stable,2378.0,5504.0,Stable,4.3,,2.0,7299.0,2025-01-23,Low,Easy,High rent,,9174.0,9174.0,2440.0,22.0,20.56,46.5,12.29,46.67,29.92,86.0,60,100,0.0,100.0,44.52,Moderate Potential,"Grocery Stores, Pharmacies, Education Centers",16.0,38.68
AREA_187,Dhalli Zone 2,Jalandhar,Semi-Urban,Mixed,144293.0,22.0,15.0,8.0,4,1,3.0,2.0,99.0,43.0,Medium,3.0,4,3.0,30.0,1498.0,14443.0,Declining,3658.0,8665.0,Falling,4.5,915.0,15.0,27849.0,2025-01-18,Low,Difficult,High rent,11.0,14443.0,14443.0,3658.0,45.0,42.06,120.5,31.84,66.67,46.03,90.0,20,100,8.33,91.67,51.67,Moderate Potential,"Grocery Stores, Pharmacies, Education Centers",15.83,49.41
AREA_188,Baddi Industrial Zone 2,Patiala,Semi-Urban,Residential,146808.0,17.0,12.0,3.0,1,2,3.0,3.0,77.0,32.0,Medium,4.0,4,3.0,49.0,518.0,16816.0,Declining,3832.0,10089.0,Stable,3.3,274.0,12.0,27964.0,2025-01-07,Medium,Easy,High rent,6.0,16816.0,16816.0,3832.0,32.0,29.91,93.0,24.57,73.33,48.22,66.0,20,60,15.0,85.0,42.79,Moderate Potential,"Grocery Stores, Pharmacies, Education Centers",18.5,44.96
AREA_189,Nalagarh Zone 2,Jalandhar,Semi-Urban,Residential,147567.0,20.0,11.0,3.0,2,3,3.0,1.0,85.0,37.0,Medium,4.0,4,2.0,34.0,1156.0,16340.0,Declining,4007.0,9804.0,Falling,4.3,1115.0,11.0,22209.0,2025-01-18,Low,Difficult,High rent,3.0,16340.0,16340.0,4007.0,34.0,31.78,103.5,27.34,66.67,50.42,86.0,20,100,4.76,95.24,48.93,Moderate Potential,"Grocery Stores, Pharmacies, Education Centers",13.33,49.53
AREA_190,Parwanoo Zone 2,Patiala,Urban,Commercial,142466.0,65.0,27.0,6.0,9,5,2.0,9.0,204.0,135.0,High,5.0,5,4.0,112.0,1272.0,31455.0,Declining,6812.0,18873.0,Stable,4.2,2122.0,27.0,35456.0,2025-01-20,Medium,Moderate,High rent,9.0,31455.0,31455.0,6812.0,98.0,91.59,271.5,71.73,93.33,85.72,84.0,20,60,12.16,87.84,72.92,High Potential,"Premium F&B, Tech Retail, Co-working",10.51,78.04
AREA_191,Solan Town Zone 2,Zirakpur,Semi-Urban,Commercial,141196.0,24.0,9.0,4.0,2,4,1.0,2.0,107.0,56.0,Medium,3.0,4,3.0,43.0,1018.0,15984.0,Declining,4426.0,9590.0,Stable,3.8,1702.0,9.0,23342.0,2025-01-08,High,Moderate,parking shortage,2.0,15984.0,15984.0,4426.0,37.0,34.58,135.0,35.67,66.67,55.69,76.0,20,30,7.69,92.31,43.62,Moderate Potential,"Retail Chains, Quick Service Restaurants, Banks",15.38,48.45
AREA_192,Kasauli Zone 2,Mohali,Urban,Commercial,,,,,4,5,,5.0,253.8,143.0,High,,5,,139.8,1121.2,,Declining,,,Rising,,,,,,Low,Easy,High rent,,38797.0,,,,,325.3,85.94,100.0,,,20,100,,,,Low Potential,"Essential Services, Kirana, Mobile Recharge",,
AREA_193,Karnal Market Zone 2,Jalandhar,Semi-Urban,Mixed,148681.0,15.0,15.0,9.0,3,2,1.0,2.0,111.0,71.0,Medium,3.0,3,2.0,73.0,833.0,13709.0,Declining,3518.0,8225.0,Falling,4.3,1744.0,15.0,19846.0,2025-01-27,Low,Difficult,parking shortage,,13709.0,13709.0,3518.0,39.0,36.45,146.5,38.71,53.33,44.27,86.0,20,100,11.76,88.24,49.17,Moderate Potential,"Grocery Stores, Pharmacies, Education Centers",22.23,47.21
AREA_194,Sector 13 Karnal Zone 2,Zirakpur,Urban,Commercial,142755.0,55.0,22.0,6.0,7,3,5.0,4.0,269.0,126.0,High,5.0,5,4.0,139.0,873.0,31746.0,Stable,7947.0,19047.0,Rising,3.5,1364.0,22.0,35834.0,2025-01-02,High,Easy,parking shortage,19.0,31746.0,31746.0,7947.0,83.0,77.57,332.0,87.71,93.33,100.0,70.0,60,30,6.78,93.22,76.3,High Potential,"Premium F&B, Tech Retail, Co-working",6.75,85.78
AREA_195,Gharaunda Zone 2,Shimla,Semi-Urban,Mixed,147855.0,25.0,8.0,8.0,1,5,3.0,3.0,75.0,48.0,Medium,3.0,4,2.0,27.0,1085.0,15706.0,Growing,4011.0,9423.0,Stable,4.3,674.0,8.0,31247.0,2025-01-06,Low,Moderate,High rent,0.0,15706.0,15706.0,4011.0,41.0,38.32,99.0,26.16,60.0,50.47,86.0,100,100,10.71,89.28999999999999,61.03,Moderate Potential,"Grocery Stores, Pharmacies, Education Centers",19.5,56.81
AREA_196,Nilokheri Zone 2,Karnal,Semi-Urban,Mixed,142156.0,32.0,15.0,7.0,3,2,2.0,5.0,103.0,40.0,Medium,3.0,4,2.0,57.0,631.0,21479.0,Declining,4906.0,12887.0,Rising,3.3,502.0,15.0,25022.0,2025-01-19,Low,Difficult,High rent,11.0,21479.0,21479.0,4906.0,54.0,50.47,123.0,32.5,60.0,61.73,66.0,20,100,13.51,86.49,51.95,Moderate Potential,"Grocery Stores, Pharmacies, Education Centers",21.46,55.86
AREA_197,Sector 17 Market Zone 3,Patiala,Rural,Commercial,144852.0,12.0,5.0,7.0,3,4,,1.0,25.0,8.0,Low,3.0,3,3.0,10.0,1421.0,6920.0,Declining,2578.0,4152.0,Falling,3.5,,5.0,11515.0,2025-01-28,Low,Easy,parking shortage,,6920.0,6920.0,2578.0,24.0,22.43,29.0,7.66,60.0,32.44,70.0,20,100,7.69,92.31,38.76,Low Potential,"Essential Services, Kirana, Mobile Recharge",17.38,36.23
AREA_198,Sector 22 Zone 3,Panchkula,Urban,Residential,143483.0,11.0,6.0,11.0,8,6,4.0,1.0,21.0,14.0,Medium,4.0,4,4.0,9.0,1139.0,8927.0,Stable,2106.0,5356.0,Rising,3.7,1137.0,6.0,35121.0,2025-01-19,Low,Moderate,parking shortage,12.0,8927.0,8927.0,2440.0,28.0,26.17,28.0,7.4,80.0,26.5,74.0,60,100,8.33,91.67,48.15,Moderate Potential,"Grocery Stores, Pharmacies, Education Centers",11.83,39.49
AREA_199,Sector 35 Zone 3,Jalandhar,Semi-Urban,Residential,,,,,4,5,,,102.4,52.0,Medium,6.0,4,,58.4,874.6,,Declining,,,Rising,,,,,,Low,Easy,High rent,,17613.0,,,,,128.4,33.92,100.0,,,20,100,,,,Low Potential,"Essential Services, Kirana, Mobile Recharge",,
AREA_200,Sector 43 Zone 3,Patiala,Urban,Commercial,,61.0,21.0,,5,4,,5.0,208.0,100.0,High,4.0,5,3.0,90.4,996.4,43216.0,Declining,6480.0,,Stable,3.6,,,42836.0,2025-01-15,Low,Easy,High rent,,43216.0,43216.0,6480.0,,,258.0,68.16,80.0,81.54,72.0,20,100,7.58,92.42,,Low Potential,"Essential Services, Kirana, Mobile Recharge",11.31,
