,customer_id,age,gender,city,signup_date,last_purchase_date,product,units_sold,price,total_amount,income,feedback_score,device,promo_code,fraud_flag,churned,price,full_location,cleaned_city,country,customer_profile,signup_month,age_group,expected_revenue,revenue_difference,days_active,avg_order_value,high_value_customer
0,C1000,56,Female,Bangalore,2022-10-04,2023-10-10,C,1,1200.0,800,48277.0,3.0,Desktop,LOYAL,0,1,800,Bangalore_India,Bangalore,India,Female_Bangalore,2022-10,senior,1200.0,-400.0,371.0,800.0,0
1,C1001,69,Female,Kolkata,2024-01-31,2024-10-13,C,3,1200.0,2400,48277.0,3.0,Desktop,SUMMER,0,1,800,Kolkata_India,Kolkata,India,Female_Kolkata,2024-01,Elder,3600.0,-1200.0,256.0,800.0,0
2,C1002,46,Male,Delhi,2023-11-07,2024-05-22,B,30,1200.0,3600,48277.0,3.0,Desktop,NEWUSER,0,0,1200,Delhi_India,Delhi,India,Male_Delhi,2023-11,senior,36000.0,-32400.0,197.0,120.0,1
3,C1003,32,Male,Kolkata,2023-01-29,2023-11-28,C,2,1200.0,1600,48277.0,3.0,Desktop,NEWUSER,0,1,800,Kolkata_India,Kolkata,India,Male_Kolkata,2023-01,Adult,2400.0,-800.0,303.0,800.0,0
4,C1004,60,Female,Mumbai,2023-04-02,2023-04-12,C,2,1200.0,1600,48277.0,3.0,Desktop,NONE,0,0,800,Mumbai_India,Mumbai,India,Female_Mumbai,2023-04,senior,2400.0,-800.0,10.0,800.0,0
5,C1005,25,Male,Chennai,2022-07-11,2023-05-19,D,2,1200.0,3000,48277.0,3.0,Desktop,LOYAL,0,1,1500,Chennai_India,Chennai,India,Male_Chennai,2022-07,Young_Adult,2400.0,600.0,312.0,1500.0,1
6,C1006,38,Male,Mumbai,2024-01-09,2024-10-21,A,4,1200.0,2000,48277.0,3.0,Desktop,SUMMER,0,1,500,Mumbai_India,Mumbai,India,Male_Mumbai,2024-01,Adult,4800.0,-2800.0,286.0,500.0,0
7,C1007,56,Male,Kolkata,2023-11-20,2024-07-19,B,1,1200.0,1200,48277.0,3.0,Mobile,NEWUSER,0,0,1200,Kolkata_India,Kolkata,India,Male_Kolkata,2023-11,senior,1200.0,0.0,242.0,1200.0,0
8,C1008,36,Female,Chennai,2022-04-09,2022-12-16,B,1,1200.0,1200,48277.0,3.0,Mobile,LOYAL,0,1,1200,Chennai_India,Chennai,India,Female_Chennai,2022-04,Adult,1200.0,0.0,251.0,1200.0,0
9,C1009,40,Unknown,Kolkata,2023-07-02,,B,2,1200.0,2400,48277.0,3.0,Mobile,NONE,0,0,1200,Kolkata_India,Kolkata,India,Unknown_Kolkata,2023-07,Adult,2400.0,0.0,,1200.0,0
10,C1010,28,Female,Bangalore,2022-04-06,2022-04-11,C,1,1200.0,800,48277.0,3.0,Mobile,WINTER,0,1,800,Bangalore_India,Bangalore,India,Female_Bangalore,2022-04,Young_Adult,1200.0,-400.0,5.0,800.0,0
11,C1011,28,Male,Chennai,2023-10-26,2024-02-22,C,2,1200.0,1600,48277.0,3.0,Desktop,LOYAL,0,1,800,Chennai_India,Chennai,India,Male_Chennai,2023-10,Young_Adult,2400.0,-800.0,119.0,800.0,0
12,C1012,41,Male,Bangalore,2023-10-25,2024-08-09,C,4,1200.0,3200,48277.0,3.0,Desktop,LOYAL,0,0,800,Bangalore_India,Bangalore,India,Male_Bangalore,2023-10,Adult,4800.0,-1600.0,289.0,800.0,1
13,C1013,53,Female,Mumbai,2022-07-09,2023-07-18,D,4,1200.0,6000,48277.0,3.0,Desktop,WINTER,1,0,1500,Mumbai_India,Mumbai,India,Female_Mumbai,2022-07,senior,4800.0,1200.0,374.0,1500.0,1
14,C1014,57,Female,Mumbai,2024-01-06,2024-03-11,A,3,1200.0,1500,48277.0,3.0,Mobile,LOYAL,0,0,500,Mumbai_India,Mumbai,India,Female_Mumbai,2024-01,senior,3600.0,-2100.0,65.0,500.0,0
15,C1015,41,Female,Chennai,2022-02-06,2022-07-02,C,4,1200.0,3200,48277.0,3.0,Desktop,NONE,0,1,800,Chennai_India,Chennai,India,Female_Chennai,2022-02,Adult,4800.0,-1600.0,146.0,800.0,1
16,C1016,20,Female,Chennai,2024-02-19,2024-09-30,A,2,1200.0,1000,48277.0,3.0,Desktop,NONE,0,1,500,Chennai_India,Chennai,India,Female_Chennai,2024-02,Young_Adult,2400.0,-1400.0,224.0,500.0,0
17,C1017,39,Male,Kolkata,2023-01-04,2023-08-31,D,4,1200.0,6000,48277.0,3.0,Desktop,WINTER,0,1,1500,Kolkata_India,Kolkata,India,Male_Kolkata,2023-01,Adult,4800.0,1200.0,239.0,1500.0,1
18,C1018,19,Female,Kolkata,2023-11-26,2024-05-21,B,3,1200.0,3600,48277.0,3.0,Mobile,SUMMER,0,1,1200,Kolkata_India,Kolkata,India,Female_Kolkata,2023-11,Young_Adult,3600.0,0.0,177.0,1200.0,1
19,C1019,41,Male,Bangalore,2023-06-09,2024-03-02,C,1,1200.0,800,48277.0,3.0,Desktop,NEWUSER,0,1,800,Bangalore_India,Bangalore,India,Male_Bangalore,2023-06,Adult,1200.0,-400.0,267.0,800.0,0
20,C1020,61,Female,Chennai,2022-10-06,2023-09-12,A,2,1200.0,1000,48277.0,3.0,Mobile,SUMMER,0,0,500,Chennai_India,Chennai,India,Female_Chennai,2022-10,Elder,2400.0,-1400.0,341.0,500.0,0
21,C1021,47,Male,Mumbai,2022-08-05,2023-05-14,A,1,1200.0,500,48277.0,3.0,Mobile,LOYAL,0,1,500,Mumbai_India,Mumbai,India,Male_Mumbai,2022-08,senior,1200.0,-700.0,282.0,500.0,0
22,C1022,55,Unknown,Kolkata,2024-03-08,2024-05-10,C,3,1200.0,2400,48277.0,3.0,Mobile,NEWUSER,0,0,800,Kolkata_India,Kolkata,India,Unknown_Kolkata,2024-03,senior,3600.0,-1200.0,63.0,800.0,0
23,C1023,19,Female,Kolkata,2022-09-30,2023-05-05,B,3,1200.0,3600,48277.0,3.0,Mobile,WINTER,0,0,1200,Kolkata_India,Kolkata,India,Female_Kolkata,2022-09,Young_Adult,3600.0,0.0,217.0,1200.0,1
24,C1024,38,Female,Mumbai,2022-03-03,2023-02-08,B,3,1200.0,3600,48277.0,3.0,Desktop,WINTER,0,1,1200,Mumbai_India,Mumbai,India,Female_Mumbai,2022-03,Adult,3600.0,0.0,342.0,1200.0,1
25,C1025,50,Female,Kolkata,2023-08-19,2024-06-29,B,1,1200.0,1200,48277.0,3.0,Mobile,NEWUSER,0,0,1200,Kolkata_India,Kolkata,India,Female_Kolkata,2023-08,senior,1200.0,0.0,315.0,1200.0,0
26,C1026,29,Male,Bangalore,2023-12-30,2024-10-08,D,1,1200.0,1500,48277.0,3.0,Mobile,NONE,0,0,1500,Bangalore_India,Bangalore,India,Male_Bangalore,2023-12,Young_Adult,1200.0,300.0,283.0,1500.0,0
27,C1027,39,Female,Chennai,2022-12-08,2023-06-03,A,1,1200.0,500,48277.0,3.0,Desktop,NEWUSER,0,0,500,Chennai_India,Chennai,India,Female_Chennai,2022-12,Adult,1200.0,-700.0,177.0,500.0,0
28,C1028,61,Female,Mumbai,2023-02-01,2023-05-10,A,1,1200.0,500,48277.0,3.0,Desktop,LOYAL,0,0,500,Mumbai_India,Mumbai,India,Female_Mumbai,2023-02,Elder,1200.0,-700.0,98.0,500.0,0
29,C1029,42,Male,Chennai,2023-11-30,2024-03-14,A,3,1200.0,1500,48277.0,3.0,Mobile,NONE,0,1,500,Chennai_India,Chennai,India,Male_Chennai,2023-11,Adult,3600.0,-2100.0,105.0,500.0,0
30,C1030,66,Male,Kolkata,2022-01-19,2022-04-28,D,3,1200.0,4500,48277.0,3.0,Desktop,WINTER,0,1,1500,Kolkata_India,Kolkata,India,Male_Kolkata,2022-01,Elder,3600.0,900.0,99.0,1500.0,1
31,C1031,44,Male,Kolkata,2022-06-26,2023-07-16,A,2,1200.0,1000,48277.0,3.0,Mobile,NEWUSER,0,0,500,Kolkata_India,Kolkata,India,Male_Kolkata,2022-06,Adult,2400.0,-1400.0,385.0,500.0,0
32,C1032,59,Female,Mumbai,2023-09-04,2024-07-11,D,2,1200.0,3000,48277.0,3.0,Mobile,SUMMER,0,0,1500,Mumbai_India,Mumbai,India,Female_Mumbai,2023-09,senior,2400.0,600.0,311.0,1500.0,1
33,C1033,45,Male,Bangalore,2023-01-31,2023-02-06,B,1,1200.0,1200,48277.0,3.0,Mobile,SUMMER,0,0,1200,Bangalore_India,Bangalore,India,Male_Bangalore,2023-01,Adult,1200.0,0.0,6.0,1200.0,0
34,C1034,33,Male,Delhi,2023-03-21,2023-10-04,C,4,1200.0,3200,48277.0,3.0,Mobile,LOYAL,0,0,800,Delhi_India,Delhi,India,Male_Delhi,2023-03,Adult,4800.0,-1600.0,197.0,800.0,1
35,C1035,32,Male,Mumbai,2022-08-21,2023-08-07,A,4,1200.0,2000,48277.0,3.0,Desktop,SUMMER,0,1,500,Mumbai_India,Mumbai,India,Male_Mumbai,2022-08,Adult,4800.0,-2800.0,351.0,500.0,0
36,C1036,64,Female,Delhi,2022-03-17,2022-07-28,A,3,1200.0,1500,48277.0,3.0,Mobile,NEWUSER,0,0,500,Delhi_India,Delhi,India,Female_Delhi,2022-03,Elder,3600.0,-2100.0,133.0,500.0,0
37,C1037,68,Female,Delhi,2022-09-22,2023-09-15,B,3,1200.0,3545,48277.0,3.0,Desktop,NEWUSER,0,0,1200,Delhi_India,Delhi,India,Female_Delhi,2022-09,Elder,3600.0,-55.0,358.0,1181.6666666666667,1
38,C1038,61,Female,Bangalore,2023-03-31,2023-12-15,C,3,1200.0,3217,48277.0,3.0,Desktop,SUMMER,0,0,800,Bangalore_India,Bangalore,India,Female_Bangalore,2023-03,Elder,3600.0,-383.0,259.0,1072.3333333333333,1
39,C1039,69,Female,Delhi,2024-03-06,2024-03-29,D,2,1200.0,3000,48277.0,3.0,Desktop,NEWUSER,0,0,1500,Delhi_India,Delhi,India,Female_Delhi,2024-03,Elder,2400.0,600.0,23.0,1500.0,1
40,C1040,20,Male,Bangalore,2023-12-19,2024-02-10,C,2,1200.0,1600,48277.0,3.0,Desktop,LOYAL,0,0,800,Bangalore_India,Bangalore,India,Male_Bangalore,2023-12,Young_Adult,2400.0,-800.0,53.0,800.0,0
41,C1041,54,Male,Bangalore,2024-01-05,2024-06-18,B,3,1200.0,3600,48277.0,3.0,Mobile,Unknown,0,0,1200,Bangalore_India,Bangalore,India,Male_Bangalore,2024-01,senior,3600.0,0.0,165.0,1200.0,1
42,C1042,68,Female,Delhi,2023-01-19,2023-08-09,B,3,1200.0,3600,48277.0,3.0,Desktop,LOYAL,0,0,1200,Delhi_India,Delhi,India,Female_Delhi,2023-01,Elder,3600.0,0.0,202.0,1200.0,1
43,C1043,24,Male,Delhi,2023-07-18,2023-10-09,C,3,1200.0,2400,48277.0,3.0,Mobile,LOYAL,1,1,800,Delhi_India,Delhi,India,Male_Delhi,2023-07,Young_Adult,3600.0,-1200.0,83.0,800.0,0
44,C1044,44,Male,Delhi,2023-05-21,2023-10-13,D,4,1200.0,6000,48277.0,3.0,Desktop,NEWUSER,0,1,1500,Delhi_India,Delhi,India,Male_Delhi,2023-05,Adult,4800.0,1200.0,145.0,1500.0,1
45,C1045,3,Male,Mumbai,2023-01-02,2023-03-28,D,2,1200.0,3000,48277.0,3.0,Desktop,NONE,0,1,1500,Mumbai_India,Mumbai,India,Male_Mumbai,2023-01,Teen,2400.0,600.0,85.0,1500.0,1
46,C1046,56,Female,Mumbai,2022-05-24,2022-08-10,A,4,1200.0,2000,48277.0,3.0,Mobile,NEWUSER,0,0,500,Mumbai_India,Mumbai,India,Female_Mumbai,2022-05,senior,4800.0,-2800.0,78.0,500.0,0
47,C1047,35,Female,Mumbai,2022-03-10,2023-03-11,D,4,1200.0,6000,48277.0,3.0,Mobile,WINTER,0,0,1500,Mumbai_India,Mumbai,India,Female_Mumbai,2022-03,Adult,4800.0,1200.0,366.0,1500.0,1
48,C1048,21,Male,Bangalore,2022-04-09,2022-04-10,C,3,1200.0,2400,48277.0,3.0,Mobile,NEWUSER,0,1,800,Bangalore_India,Bangalore,India,Male_Bangalore,2022-04,Young_Adult,3600.0,-1200.0,1.0,800.0,0
49,C1049,42,Female,Kolkata,2023-01-31,2023-03-23,B,3,1200.0,3600,48277.0,3.0,Desktop,NEWUSER,0,0,1200,Kolkata_India,Kolkata,India,Female_Kolkata,2023-01,Adult,3600.0,0.0,51.0,1200.0,1
50,C1050,31,Unknown,Delhi,2022-01-25,2022-07-17,A,1,1200.0,500,48277.0,3.0,Desktop,NEWUSER,0,1,500,Delhi_India,Delhi,India,Unknown_Delhi,2022-01,Adult,1200.0,-700.0,173.0,500.0,0
51,C1051,67,Female,Delhi,2023-04-14,2023-11-05,A,1,1200.0,500,48277.0,3.0,Mobile,NONE,0,0,500,Delhi_India,Delhi,India,Female_Delhi,2023-04,Elder,1200.0,-700.0,205.0,500.0,0
52,C1052,26,Female,Bangalore,2023-04-29,2024-01-14,B,4,1200.0,4800,48277.0,3.0,Mobile,NEWUSER,0,0,1200,Bangalore_India,Bangalore,India,Female_Bangalore,2023-04,Young_Adult,4800.0,0.0,260.0,1200.0,1
53,C1053,43,Female,Delhi,2023-07-19,2024-07-22,D,2,1200.0,3000,48277.0,3.0,Mobile,NONE,0,1,1500,Delhi_India,Delhi,India,Female_Delhi,2023-07,Adult,2400.0,600.0,369.0,1500.0,1
54,C1054,19,Male,Mumbai,2022-05-31,2023-03-15,B,3,1200.0,3600,48277.0,3.0,Mobile,SUMMER,0,1,1200,Mumbai_India,Mumbai,India,Male_Mumbai,2022-05,Young_Adult,3600.0,0.0,288.0,1200.0,1
55,C1055,37,Female,Kolkata,2022-05-24,2022-06-27,D,3,1200.0,4500,48277.0,3.0,Desktop,WINTER,0,0,1500,Kolkata_India,Kolkata,India,Female_Kolkata,2022-05,Adult,3600.0,900.0,34.0,1500.0,1
56,C1056,45,Male,Chennai,2023-07-23,2024-07-05,B,4,1200.0,4800,48277.0,3.0,Mobile,NONE,0,0,1200,Chennai_India,Chennai,India,Male_Chennai,2023-07,Adult,4800.0,0.0,348.0,1200.0,1
57,C1057,64,Male,Delhi,2022-02-08,2022-05-14,C,1,1200.0,800,48277.0,3.0,Mobile,SUMMER,0,1,800,Delhi_India,Delhi,India,Male_Delhi,2022-02,Elder,1200.0,-400.0,95.0,800.0,0
58,C1057,24,Female,Mumbai,2022-04-19,2022-06-30,D,2,1200.0,3000,48277.0,3.0,Mobile,NONE,0,1,1500,Mumbai_India,Mumbai,India,Female_Mumbai,2022-04,Young_Adult,2400.0,600.0,72.0,1500.0,1
59,C1059,61,Male,Chennai,2023-11-24,2024-01-02,C,1,1200.0,800,48277.0,3.0,Mobile,NONE,0,0,800,Chennai_India,Chennai,India,Male_Chennai,2023-11,Elder,1200.0,-400.0,39.0,800.0,0
60,C1060,25,Male,Kolkata,2022-02-11,2022-07-15,A,1,1200.0,1413,48277.0,3.0,Desktop,WINTER,0,1,500,Kolkata_India,Kolkata,India,Male_Kolkata,2022-02,Young_Adult,1200.0,213.0,154.0,1413.0,0
61,C1061,64,Male,Chennai,2022-07-05,2023-03-12,B,1,1200.0,1200,48277.0,3.0,Mobile,LOYAL,0,0,1200,Chennai_India,Chennai,India,Male_Chennai,2022-07,Elder,1200.0,0.0,250.0,1200.0,0
62,C1062,52,Female,Mumbai,2023-02-02,2023-07-14,A,1,1200.0,500,48277.0,3.0,Desktop,LOYAL,0,0,500,Mumbai_India,Mumbai,India,Female_Mumbai,2023-02,senior,1200.0,-700.0,162.0,500.0,0
63,C1063,31,Female,Chennai,2022-08-11,2022-12-07,A,3,1200.0,1500,48277.0,3.0,Mobile,NONE,0,0,500,Chennai_India,Chennai,India,Female_Chennai,2022-08,Adult,3600.0,-2100.0,118.0,500.0,0
64,C1064,34,Male,Bangalore,2023-09-26,2024-06-11,A,3,1200.0,1500,48277.0,3.0,Mobile,NEWUSER,0,1,500,Bangalore_India,Bangalore,India,Male_Bangalore,2023-09,Adult,3600.0,-2100.0,259.0,500.0,0
65,C1065,53,Female,Chennai,2022-05-13,2023-05-27,A,1,1200.0,500,48277.0,3.0,Desktop,SUMMER,0,0,500,Chennai_India,Chennai,India,Female_Chennai,2022-05,senior,1200.0,-700.0,379.0,500.0,0
66,C1066,44,Female,Delhi,2022-06-12,2023-04-14,B,2,1200.0,2400,48277.0,3.0,Mobile,NEWUSER,0,1,1200,Delhi_India,Delhi,India,Female_Delhi,2022-06,Adult,2400.0,0.0,306.0,1200.0,0
67,C1067,57,Female,Delhi,2022-08-03,2023-04-28,A,4,1200.0,2000,48277.0,3.0,Desktop,NEWUSER,0,0,500,Delhi_India,Delhi,India,Female_Delhi,2022-08,senior,4800.0,-2800.0,268.0,500.0,0
68,C1068,21,Female,Bangalore,2024-01-03,2024-02-26,B,2,1200.0,2400,48277.0,3.0,Desktop,NONE,0,1,1200,Bangalore_India,Bangalore,India,Female_Bangalore,2024-01,Young_Adult,2400.0,0.0,54.0,1200.0,0
69,C1069,19,Male,Mumbai,2022-08-23,2023-04-16,B,2,1200.0,2400,48277.0,3.0,Mobile,NONE,0,1,1200,Mumbai_India,Mumbai,India,Male_Mumbai,2022-08,Young_Adult,2400.0,0.0,236.0,1200.0,0
70,C1070,23,Male,Delhi,2023-10-20,2024-11-12,C,2,1200.0,1309,48277.0,3.0,Desktop,NONE,0,0,800,Delhi_India,Delhi,India,Male_Delhi,2023-10,Young_Adult,2400.0,-1091.0,389.0,654.5,0
71,C1071,59,Female,Kolkata,2024-01-21,2024-08-30,D,1,1200.0,1500,48277.0,3.0,Desktop,NONE,0,0,1500,Kolkata_India,Kolkata,India,Female_Kolkata,2024-01,senior,1200.0,300.0,222.0,1500.0,0
72,C1072,21,Female,Delhi,2023-08-11,2024-04-18,D,3,1200.0,4500,48277.0,3.0,Desktop,LOYAL,0,0,1500,Delhi_India,Delhi,India,Female_Delhi,2023-08,Young_Adult,3600.0,900.0,251.0,1500.0,1
73,C1073,46,Male,Delhi,2022-01-09,2022-11-18,B,2,1200.0,2400,48277.0,3.0,Desktop,NONE,0,0,1200,Delhi_India,Delhi,India,Male_Delhi,2022-01,senior,2400.0,0.0,313.0,1200.0,0
74,C1074,35,Male,Mumbai,2022-03-15,2022-07-05,C,1,1200.0,800,48277.0,3.0,Desktop,LOYAL,0,0,800,Mumbai_India,Mumbai,India,Male_Mumbai,2022-03,Adult,1200.0,-400.0,112.0,800.0,0
75,C1075,43,Female,Delhi,2023-05-07,2024-01-17,B,2,1200.0,2400,48277.0,3.0,Desktop,LOYAL,0,1,1200,Delhi_India,Delhi,India,Female_Delhi,2023-05,Adult,2400.0,0.0,255.0,1200.0,0
76,C1076,61,Male,Delhi,2022-09-10,2023-07-10,B,2,1200.0,2400,48277.0,3.0,Desktop,NONE,0,0,1200,Delhi_India,Delhi,India,Male_Delhi,2022-09,Elder,2400.0,0.0,303.0,1200.0,0
77,C1077,44,Female,Bangalore,2022-08-18,2023-03-13,B,1,1200.0,1200,48277.0,3.0,Desktop,WINTER,0,0,1200,Bangalore_India,Bangalore,India,Female_Bangalore,2022-08,Adult,1200.0,0.0,207.0,1200.0,0
78,C1078,27,Unknown,Chennai,2023-06-03,2024-01-18,C,3,1200.0,2400,48277.0,3.0,Mobile,SUMMER,0,0,800,Chennai_India,Chennai,India,Unknown_Chennai,2023-06,Young_Adult,3600.0,-1200.0,229.0,800.0,0
79,C1079,53,Male,Kolkata,2022-06-23,2023-05-30,D,3,1200.0,4500,48277.0,3.0,Mobile,NEWUSER,0,0,1500,Kolkata_India,Kolkata,India,Male_Kolkata,2022-06,senior,3600.0,900.0,341.0,1500.0,1
80,C1080,31,Male,Mumbai,2023-10-15,2024-11-16,C,4,1200.0,3200,48277.0,3.0,Desktop,LOYAL,0,0,800,Mumbai_India,Mumbai,India,Male_Mumbai,2023-10,Adult,4800.0,-1600.0,398.0,800.0,1
81,C1081,48,Female,Kolkata,2022-06-17,2022-08-22,A,1,1200.0,597,48277.0,3.0,Mobile,SUMMER,0,0,500,Kolkata_India,Kolkata,India,Female_Kolkata,2022-06,senior,1200.0,-603.0,66.0,597.0,0
82,C1082,65,Female,Chennai,,,C,4,1200.0,3200,48277.0,3.0,Desktop,WINTER,0,0,800,Chennai_India,Chennai,India,Female_Chennai,,Elder,4800.0,-1600.0,,800.0,1
83,C1083,32,Male,Chennai,2023-01-28,2023-05-11,C,4,1200.0,3200,48277.0,3.0,Desktop,NEWUSER,0,1,800,Chennai_India,Chennai,India,Male_Chennai,2023-01,Adult,4800.0,-1600.0,103.0,800.0,1
84,C1084,25,Female,Chennai,2024-03-05,2024-09-13,C,4,1200.0,3200,48277.0,3.0,Mobile,NEWUSER,0,1,800,Chennai_India,Chennai,India,Female_Chennai,2024-03,Young_Adult,4800.0,-1600.0,192.0,800.0,1
85,C1085,31,Male,Kolkata,2023-09-26,2024-06-04,C,3,1200.0,2400,48277.0,3.0,Desktop,LOYAL,0,1,800,Kolkata_India,Kolkata,India,Male_Kolkata,2023-09,Adult,3600.0,-1200.0,252.0,800.0,0
86,C1086,40,Female,Chennai,2022-07-13,2023-02-24,D,1,1200.0,1500,48277.0,3.0,Desktop,NONE,0,0,1500,Chennai_India,Chennai,India,Female_Chennai,2022-07,Adult,1200.0,300.0,226.0,1500.0,0
87,C1087,57,Male,Kolkata,2023-06-01,2024-03-21,A,4,1200.0,2000,48277.0,3.0,Desktop,Unknown,0,0,500,Kolkata_India,Kolkata,India,Male_Kolkata,2023-06,senior,4800.0,-2800.0,294.0,500.0,0
88,C1088,38,Male,Chennai,2022-01-29,2022-12-01,D,1,1200.0,1500,48277.0,3.0,Desktop,LOYAL,0,1,1500,Chennai_India,Chennai,India,Male_Chennai,2022-01,Adult,1200.0,300.0,306.0,1500.0,0
89,C1089,33,Male,Bangalore,2022-06-14,2022-09-20,D,1,1200.0,1500,48277.0,3.0,Mobile,WINTER,0,1,1500,Bangalore_India,Bangalore,India,Male_Bangalore,2022-06,Adult,1200.0,300.0,98.0,1500.0,0
90,C1089,62,Female,Chennai,2023-02-26,2024-01-30,C,3,1200.0,2400,48277.0,3.0,Desktop,NONE,0,0,800,Chennai_India,Chennai,India,Female_Chennai,2023-02,Elder,3600.0,-1200.0,338.0,800.0,0
91,C1091,35,Female,Kolkata,2022-12-05,2023-09-17,B,4,1200.0,4800,48277.0,3.0,Desktop,NONE,0,0,1200,Kolkata_India,Kolkata,India,Female_Kolkata,2022-12,Adult,4800.0,0.0,286.0,1200.0,1
92,C1091,64,Male,Delhi,2023-10-10,2024-09-09,B,4,1200.0,4800,48277.0,3.0,Desktop,LOYAL,0,0,1200,Delhi_India,Delhi,India,Male_Delhi,2023-10,Elder,4800.0,0.0,335.0,1200.0,1
93,C1093,41,Female,Chennai,2023-05-11,2024-04-22,D,1,1200.0,1500,48277.0,3.0,Mobile,NONE,0,0,1500,Chennai_India,Chennai,India,Female_Chennai,2023-05,Adult,1200.0,300.0,347.0,1500.0,0
94,C1094,43,Male,Delhi,2022-12-31,2023-11-04,D,2,1200.0,2952,48277.0,3.0,Desktop,SUMMER,0,1,1500,Delhi_India,Delhi,India,Male_Delhi,2022-12,Adult,2400.0,552.0,308.0,1476.0,1
95,C1095,42,Male,Bangalore,2022-12-08,2023-08-14,C,3,1200.0,2400,48277.0,3.0,Mobile,NEWUSER,0,0,800,Bangalore_India,Bangalore,India,Male_Bangalore,2022-12,Adult,3600.0,-1200.0,249.0,800.0,0
96,C1096,62,Female,Mumbai,2023-05-15,2023-10-28,D,3,1200.0,4500,48277.0,3.0,Mobile,LOYAL,0,1,1500,Mumbai_India,Mumbai,India,Female_Mumbai,2023-05,Elder,3600.0,900.0,166.0,1500.0,1
97,C1097,58,Female,Bangalore,2023-10-19,2024-09-18,C,3,1200.0,2400,48277.0,3.0,Desktop,WINTER,0,0,800,Bangalore_India,Bangalore,India,Female_Bangalore,2023-10,senior,3600.0,-1200.0,335.0,800.0,0
98,C1098,46,Male,Chennai,2023-05-26,2023-06-25,B,3,1200.0,3600,48277.0,3.0,Desktop,SUMMER,0,0,1200,Chennai_India,Chennai,India,Male_Chennai,2023-05,senior,3600.0,0.0,30.0,1200.0,1
99,C1099,32,Female,Delhi,2022-11-23,2023-07-28,B,4,1200.0,4800,48277.0,3.0,Mobile,LOYAL,0,1,1200,Delhi_India,Delhi,India,Female_Delhi,2022-11,Adult,4800.0,0.0,247.0,1200.0,1
100,C1100,62,Female,Delhi,2022-08-05,2022-11-19,A,4,1200.0,2000,48277.0,3.0,Desktop,NONE,0,0,500,Delhi_India,Delhi,India,Female_Delhi,2022-08,Elder,4800.0,-2800.0,106.0,500.0,0
101,C1101,18,Male,Kolkata,2022-10-28,2022-12-18,B,2,1200.0,2400,48277.0,3.0,Mobile,NONE,0,1,1200,Kolkata_India,Kolkata,India,Male_Kolkata,2022-10,Teen,2400.0,0.0,51.0,1200.0,0
102,C1102,42,Male,Delhi,2022-05-12,2022-08-01,D,3,1200.0,4500,48277.0,3.0,Mobile,NONE,0,0,1500,Delhi_India,Delhi,India,Male_Delhi,2022-05,Adult,3600.0,900.0,81.0,1500.0,1
103,C1103,24,Female,Kolkata,2022-03-11,2022-07-22,B,3,1200.0,3600,48277.0,3.0,Desktop,Unknown,0,1,1200,Kolkata_India,Kolkata,India,Female_Kolkata,2022-03,Young_Adult,3600.0,0.0,133.0,1200.0,1
104,C1104,26,Male,Mumbai,2022-09-09,2023-06-21,C,1,1200.0,800,48277.0,3.0,Desktop,WINTER,0,1,800,Mumbai_India,Mumbai,India,Male_Mumbai,2022-09,Young_Adult,1200.0,-400.0,285.0,800.0,0
105,C1105,44,Male,Chennai,2023-02-19,2024-03-13,B,4,1200.0,4800,48277.0,3.0,Mobile,SUMMER,0,1,1200,Chennai_India,Chennai,India,Male_Chennai,2023-02,Adult,4800.0,0.0,388.0,1200.0,1
106,C1106,18,Female,Kolkata,2024-02-26,2024-07-13,A,3,1200.0,1500,48277.0,3.0,Mobile,NEWUSER,0,0,500,Kolkata_India,Kolkata,India,Female_Kolkata,2024-02,Teen,3600.0,-2100.0,138.0,500.0,0
107,C1107,61,Male,Mumbai,2023-03-21,2023-09-21,B,2,1200.0,2400,48277.0,3.0,Mobile,WINTER,0,0,1200,Mumbai_India,Mumbai,India,Male_Mumbai,2023-03,Elder,2400.0,0.0,184.0,1200.0,0
108,C1108,25,Male,Delhi,2022-07-01,2023-05-27,C,2,1200.0,1600,48277.0,3.0,Mobile,WINTER,0,1,800,Delhi_India,Delhi,India,Male_Delhi,2022-07,Young_Adult,2400.0,-800.0,330.0,800.0,0
109,C1109,41,Female,Delhi,2022-06-16,2023-03-16,C,4,1200.0,3200,48277.0,3.0,Desktop,NEWUSER,0,1,800,Delhi_India,Delhi,India,Female_Delhi,2022-06,Adult,4800.0,-1600.0,273.0,800.0,1
110,C1110,28,Female,Mumbai,2022-04-01,2023-03-07,D,2,1200.0,3000,48277.0,3.0,Desktop,NEWUSER,0,1,1500,Mumbai_India,Mumbai,India,Female_Mumbai,2022-04,Young_Adult,2400.0,600.0,340.0,1500.0,1
111,C1111,68,Male,Delhi,2023-12-15,2024-02-22,B,2,1200.0,2400,48277.0,3.0,Desktop,NONE,0,0,1200,Delhi_India,Delhi,India,Male_Delhi,2023-12,Elder,2400.0,0.0,69.0,1200.0,0
112,C1112,34,Male,Mumbai,2023-06-15,2023-07-19,C,4,1200.0,3200,48277.0,3.0,Desktop,WINTER,0,0,800,Mumbai_India,Mumbai,India,Male_Mumbai,2023-06,Adult,4800.0,-1600.0,34.0,800.0,1
113,C1113,25,Female,Kolkata,2022-02-08,2022-10-28,A,3,1200.0,1500,48277.0,3.0,Desktop,LOYAL,0,1,500,Kolkata_India,Kolkata,India,Female_Kolkata,2022-02,Young_Adult,3600.0,-2100.0,262.0,500.0,0
114,C1114,52,Female,Kolkata,2022-05-06,2022-06-28,D,3,1200.0,4500,48277.0,3.0,Mobile,NEWUSER,0,1,1500,Kolkata_India,Kolkata,India,Female_Kolkata,2022-05,senior,3600.0,900.0,53.0,1500.0,1
115,C1115,52,Female,Mumbai,2023-03-27,2023-10-18,A,2,1200.0,1000,48277.0,3.0,Desktop,NEWUSER,0,0,500,Mumbai_India,Mumbai,India,Female_Mumbai,2023-03,senior,2400.0,-1400.0,205.0,500.0,0
116,C1116,50,Female,Kolkata,2022-06-22,,B,2,1200.0,2400,48277.0,3.0,Desktop,SUMMER,0,1,1200,Kolkata_India,Kolkata,India,Female_Kolkata,2022-06,senior,2400.0,0.0,,1200.0,0
117,C1117,22,Male,Kolkata,2023-10-15,2024-06-06,B,3,1200.0,3600,48277.0,3.0,Desktop,LOYAL,0,1,1200,Kolkata_India,Kolkata,India,Male_Kolkata,2023-10,Young_Adult,3600.0,0.0,235.0,1200.0,1
118,C1118,59,Female,Kolkata,2024-01-24,2024-03-07,B,4,1200.0,4800,48277.0,3.0,Desktop,LOYAL,0,0,1200,Kolkata_India,Kolkata,India,Female_Kolkata,2024-01,senior,4800.0,0.0,43.0,1200.0,1
119,C1119,56,Female,Bangalore,2022-08-08,2023-04-05,D,2,1200.0,3000,48277.0,3.0,Desktop,NEWUSER,0,0,1500,Bangalore_India,Bangalore,India,Female_Bangalore,2022-08,senior,2400.0,600.0,240.0,1500.0,1
120,C1120,58,Male,Chennai,2023-09-30,2024-10-05,C,1,1200.0,800,48277.0,3.0,Mobile,NONE,0,0,800,Chennai_India,Chennai,India,Male_Chennai,2023-09,senior,1200.0,-400.0,371.0,800.0,0
121,C1121,45,Female,Delhi,2022-02-27,2022-06-18,D,4,1200.0,6000,48277.0,3.0,Mobile,SUMMER,0,1,1500,Delhi_India,Delhi,India,Female_Delhi,2022-02,Adult,4800.0,1200.0,111.0,1500.0,1
122,C1122,44,Male,Bangalore,2023-10-22,2024-06-27,A,2,1200.0,1000,48277.0,3.0,Mobile,LOYAL,0,1,500,Bangalore_India,Bangalore,India,Male_Bangalore,2023-10,Adult,2400.0,-1400.0,249.0,500.0,0
123,C1123,26,Female,Kolkata,2023-04-21,2023-09-19,D,2,1200.0,3000,48277.0,3.0,Desktop,NEWUSER,0,0,1500,Kolkata_India,Kolkata,India,Female_Kolkata,2023-04,Young_Adult,2400.0,600.0,151.0,1500.0,1
124,C1124,25,Female,Mumbai,2023-04-01,2023-10-01,A,1,1200.0,500,48277.0,3.0,Mobile,LOYAL,0,1,500,Mumbai_India,Mumbai,India,Female_Mumbai,2023-04,Young_Adult,1200.0,-700.0,183.0,500.0,0
125,C1125,29,Female,Kolkata,2022-12-27,2023-11-28,D,1,1200.0,1500,48277.0,3.0,Mobile,SUMMER,0,0,1500,Kolkata_India,Kolkata,India,Female_Kolkata,2022-12,Young_Adult,1200.0,300.0,336.0,1500.0,0
126,C1126,51,Male,Chennai,2022-01-01,2022-04-06,C,3,1200.0,2400,48277.0,3.0,Desktop,SUMMER,0,1,800,Chennai_India,Chennai,India,Male_Chennai,2022-01,senior,3600.0,-1200.0,95.0,800.0,0
127,C1127,50,Male,Kolkata,2023-01-22,2024-01-31,A,4,1200.0,2000,48277.0,3.0,Desktop,WINTER,0,0,500,Kolkata_India,Kolkata,India,Male_Kolkata,2023-01,senior,4800.0,-2800.0,374.0,500.0,0
128,C1128,65,Female,Mumbai,2022-12-14,2022-12-22,B,4,1200.0,4800,48277.0,3.0,Desktop,NEWUSER,0,0,1200,Mumbai_India,Mumbai,India,Female_Mumbai,2022-12,Elder,4800.0,0.0,8.0,1200.0,1
129,C1129,40,Male,Chennai,2022-07-09,2023-08-01,B,3,1200.0,3600,48277.0,3.0,Mobile,SUMMER,0,0,1200,Chennai_India,Chennai,India,Male_Chennai,2022-07,Adult,3600.0,0.0,388.0,1200.0,1
130,C1130,41,Male,Kolkata,2023-05-20,2024-05-14,D,4,1200.0,6000,48277.0,3.0,Mobile,WINTER,0,0,1500,Kolkata_India,Kolkata,India,Male_Kolkata,2023-05,Adult,4800.0,1200.0,360.0,1500.0,1
131,C1131,54,Male,Chennai,,2023-08-02,B,4,1200.0,4800,48277.0,3.0,Desktop,WINTER,0,0,1200,Chennai_India,Chennai,India,Male_Chennai,,senior,4800.0,0.0,,1200.0,1
132,C1132,52,Male,Delhi,2023-05-23,2023-11-23,A,4,1200.0,2000,48277.0,3.0,Desktop,LOYAL,0,0,500,Delhi_India,Delhi,India,Male_Delhi,2023-05,senior,4800.0,-2800.0,184.0,500.0,0
133,C1133,61,Male,Delhi,2023-01-04,2023-10-12,B,4,1200.0,4800,48277.0,3.0,Mobile,LOYAL,0,0,1200,Delhi_India,Delhi,India,Male_Delhi,2023-01,Elder,4800.0,0.0,281.0,1200.0,1
134,C1134,57,Male,Kolkata,2023-02-13,2023-08-27,C,4,1200.0,3200,48277.0,3.0,Mobile,WINTER,0,0,800,Kolkata_India,Kolkata,India,Male_Kolkata,2023-02,senior,4800.0,-1600.0,195.0,800.0,1
135,C1135,39,Female,Chennai,2022-04-27,2023-04-14,C,1,1200.0,800,48277.0,3.0,Desktop,LOYAL,0,1,800,Chennai_India,Chennai,India,Female_Chennai,2022-04,Adult,1200.0,-400.0,352.0,800.0,0
136,C1136,44,Unknown,Mumbai,2022-05-14,2022-11-25,D,4,1200.0,6000,48277.0,3.0,Desktop,SUMMER,0,0,1500,Mumbai_India,Mumbai,India,Unknown_Mumbai,2022-05,Adult,4800.0,1200.0,195.0,1500.0,1
137,C1137,52,Male,Kolkata,2022-02-27,2022-08-01,A,1,1200.0,500,48277.0,3.0,Mobile,NONE,0,1,500,Kolkata_India,Kolkata,India,Male_Kolkata,2022-02,senior,1200.0,-700.0,155.0,500.0,0
138,C1138,18,Female,Delhi,2023-07-10,2023-10-11,C,4,1200.0,3200,48277.0,3.0,Desktop,SUMMER,0,1,800,Delhi_India,Delhi,India,Female_Delhi,2023-07,Teen,4800.0,-1600.0,93.0,800.0,1
139,C1139,52,Female,Delhi,2023-11-16,2024-04-24,C,3,1200.0,2400,48277.0,3.0,Mobile,WINTER,0,1,800,Delhi_India,Delhi,India,Female_Delhi,2023-11,senior,3600.0,-1200.0,160.0,800.0,0
140,C1140,54,Female,Kolkata,2023-11-03,2024-01-03,A,-1,1200.0,1000,48277.0,3.0,Mobile,WINTER,0,0,500,Kolkata_India,Kolkata,India,Female_Kolkata,2023-11,senior,-1200.0,2200.0,61.0,-1000.0,0
141,C1141,64,Female,Chennai,2022-06-22,2022-10-22,B,1,1200.0,1200,48277.0,3.0,Mobile,SUMMER,0,0,1200,Chennai_India,Chennai,India,Female_Chennai,2022-06,Elder,1200.0,0.0,122.0,1200.0,0
142,C1142,31,Male,Mumbai,2022-05-29,2022-07-19,B,4,1200.0,4800,48277.0,3.0,Mobile,LOYAL,0,1,1200,Mumbai_India,Mumbai,India,Male_Mumbai,2022-05,Adult,4800.0,0.0,51.0,1200.0,1
143,C1143,20,Female,Chennai,2022-03-21,,D,3,1200.0,4500,48277.0,3.0,Desktop,LOYAL,0,1,1500,Chennai_India,Chennai,India,Female_Chennai,2022-03,Young_Adult,3600.0,900.0,,1500.0,1
144,C1144,18,Female,Delhi,2022-08-01,2022-08-06,B,2,1200.0,2400,48277.0,3.0,Desktop,WINTER,0,1,1200,Delhi_India,Delhi,India,Female_Delhi,2022-08,Teen,2400.0,0.0,5.0,1200.0,0
145,C1145,22,Male,Delhi,2022-07-22,2022-10-22,A,1,1200.0,500,48277.0,3.0,Mobile,NEWUSER,0,1,500,Delhi_India,Delhi,India,Male_Delhi,2022-07,Young_Adult,1200.0,-700.0,92.0,500.0,0
146,C1146,43,Male,Bangalore,2024-02-03,2024-07-22,C,2,1200.0,1600,48277.0,3.0,Mobile,LOYAL,0,0,800,Bangalore_India,Bangalore,India,Male_Bangalore,2024-02,Adult,2400.0,-800.0,170.0,800.0,0
147,C1147,31,Female,Delhi,2022-08-17,2023-06-30,B,3,1200.0,3600,48277.0,3.0,Mobile,SUMMER,0,1,1200,Delhi_India,Delhi,India,Female_Delhi,2022-08,Adult,3600.0,0.0,317.0,1200.0,1
148,C1148,56,Female,Mumbai,,2023-11-29,D,1,1200.0,1500,48277.0,3.0,Mobile,LOYAL,0,0,1500,Mumbai_India,Mumbai,India,Female_Mumbai,,senior,1200.0,300.0,,1500.0,0
149,C1149,44,Female,Kolkata,2022-08-15,2023-07-07,B,2,1200.0,2400,48277.0,3.0,Mobile,SUMMER,0,0,1200,Kolkata_India,Kolkata,India,Female_Kolkata,2022-08,Adult,2400.0,0.0,326.0,1200.0,0
150,C1150,26,Female,Kolkata,2023-10-21,2023-10-22,A,4,1200.0,2000,48277.0,3.0,Desktop,WINTER,0,1,500,Kolkata_India,Kolkata,India,Female_Kolkata,2023-10,Young_Adult,4800.0,-2800.0,1.0,500.0,0
151,C1151,32,Female,Chennai,2023-06-16,2023-10-27,D,1,1200.0,1500,48277.0,3.0,Desktop,LOYAL,0,1,1500,Chennai_India,Chennai,India,Female_Chennai,2023-06,Adult,1200.0,300.0,133.0,1500.0,0
152,C1152,32,Female,Delhi,2023-03-17,2023-11-05,B,2,1200.0,2400,48277.0,3.0,Desktop,SUMMER,0,1,1200,Delhi_India,Delhi,India,Female_Delhi,2023-03,Adult,2400.0,0.0,233.0,1200.0,0
153,C1153,43,Male,Mumbai,2023-02-06,2023-02-18,D,3,1200.0,4500,48277.0,3.0,Desktop,WINTER,0,1,1500,Mumbai_India,Mumbai,India,Male_Mumbai,2023-02,Adult,3600.0,900.0,12.0,1500.0,1
154,C1154,59,Female,Chennai,2022-02-16,2023-01-28,A,3,1200.0,1500,48277.0,3.0,Mobile,NEWUSER,0,0,500,Chennai_India,Chennai,India,Female_Chennai,2022-02,senior,3600.0,-2100.0,346.0,500.0,0
155,C1155,30,Female,Bangalore,2022-08-21,2022-10-06,C,1,1200.0,800,48277.0,3.0,Mobile,SUMMER,0,0,800,Bangalore_India,Bangalore,India,Female_Bangalore,2022-08,Young_Adult,1200.0,-400.0,46.0,800.0,0
156,C1156,68,Male,Chennai,2022-11-01,2022-12-05,A,2,1200.0,1000,48277.0,3.0,Mobile,NEWUSER,0,0,500,Chennai_India,Chennai,India,Male_Chennai,2022-11,Elder,2400.0,-1400.0,34.0,500.0,0
157,C1157,49,Male,Chennai,2023-06-10,2023-08-27,A,1,1200.0,500,48277.0,3.0,Mobile,NEWUSER,0,0,500,Chennai_India,Chennai,India,Male_Chennai,2023-06,senior,1200.0,-700.0,78.0,500.0,0
158,C1158,56,Male,Delhi,2022-05-23,2022-12-27,A,1,1200.0,500,48277.0,3.0,Mobile,NONE,0,1,500,Delhi_India,Delhi,India,Male_Delhi,2022-05,senior,1200.0,-700.0,218.0,500.0,0
159,C1159,66,Male,Bangalore,2023-02-19,2023-12-17,A,2,1200.0,1000,48277.0,3.0,Desktop,LOYAL,0,0,500,Bangalore_India,Bangalore,India,Male_Bangalore,2023-02,Elder,2400.0,-1400.0,301.0,500.0,0
160,C1160,69,Female,Chennai,2023-05-28,2023-08-09,C,2,1200.0,1600,48277.0,3.0,Mobile,SUMMER,0,0,800,Chennai_India,Chennai,India,Female_Chennai,2023-05,Elder,2400.0,-800.0,73.0,800.0,0
161,C1161,49,Female,Mumbai,2023-01-08,2023-10-17,C,4,1200.0,3200,48277.0,3.0,Desktop,NEWUSER,0,0,800,Mumbai_India,Mumbai,India,Female_Mumbai,2023-01,senior,4800.0,-1600.0,282.0,800.0,1
162,C1162,21,Unknown,Mumbai,2023-07-20,2024-03-25,D,2,1200.0,3000,48277.0,3.0,Desktop,NONE,1,1,1500,Mumbai_India,Mumbai,India,Unknown_Mumbai,2023-07,Young_Adult,2400.0,600.0,249.0,1500.0,1
163,C1163,47,Female,Kolkata,2022-09-16,2022-11-02,B,3,1200.0,3600,48277.0,3.0,Desktop,WINTER,0,0,1200,Kolkata_India,Kolkata,India,Female_Kolkata,2022-09,senior,3600.0,0.0,47.0,1200.0,1
164,C1164,54,Female,Bangalore,2023-10-18,2024-02-16,C,1,1200.0,800,48277.0,3.0,Desktop,SUMMER,0,0,800,Bangalore_India,Bangalore,India,Female_Bangalore,2023-10,senior,1200.0,-400.0,121.0,800.0,0
165,C1165,40,Female,Bangalore,2023-04-16,2023-11-16,C,1,1200.0,800,48277.0,3.0,Mobile,NEWUSER,0,0,800,Bangalore_India,Bangalore,India,Female_Bangalore,2023-04,Adult,1200.0,-400.0,214.0,800.0,0
166,C1166,56,Male,Chennai,2022-01-12,2022-09-08,B,3,1200.0,3600,48277.0,3.0,Desktop,LOYAL,0,1,1200,Chennai_India,Chennai,India,Male_Chennai,2022-01,senior,3600.0,0.0,239.0,1200.0,1
167,C1167,62,Female,Chennai,2022-11-26,2023-01-21,C,2,1200.0,1600,48277.0,3.0,Desktop,NONE,0,1,800,Chennai_India,Chennai,India,Female_Chennai,2022-11,Elder,2400.0,-800.0,56.0,800.0,0
168,C1168,32,Male,Bangalore,2024-01-06,2024-12-21,A,3,1200.0,1500,48277.0,3.0,Desktop,NEWUSER,0,0,500,Bangalore_India,Bangalore,India,Male_Bangalore,2024-01,Adult,3600.0,-2100.0,350.0,500.0,0
169,C1169,60,Male,Mumbai,2024-02-23,2024-06-09,A,3,1200.0,1500,48277.0,3.0,Mobile,LOYAL,0,0,500,Mumbai_India,Mumbai,India,Male_Mumbai,2024-02,senior,3600.0,-2100.0,107.0,500.0,0
170,C1170,46,Female,Mumbai,2022-12-24,2023-11-08,B,4,1200.0,4800,48277.0,3.0,Mobile,NEWUSER,0,0,1200,Mumbai_India,Mumbai,India,Female_Mumbai,2022-12,senior,4800.0,0.0,319.0,1200.0,1
171,C1171,53,Male,Delhi,2023-02-12,2023-04-01,D,3,1200.0,4500,48277.0,3.0,Mobile,SUMMER,0,0,1500,Delhi_India,Delhi,India,Male_Delhi,2023-02,senior,3600.0,900.0,48.0,1500.0,1
172,C1172,30,Female,Bangalore,2023-10-30,2023-12-30,D,1,1200.0,1500,48277.0,3.0,Desktop,SUMMER,0,1,1500,Bangalore_India,Bangalore,India,Female_Bangalore,2023-10,Young_Adult,1200.0,300.0,61.0,1500.0,0
173,C1173,49,Male,Chennai,2023-01-08,2023-12-11,B,3,1200.0,3600,48277.0,3.0,Desktop,SUMMER,0,0,1200,Chennai_India,Chennai,India,Male_Chennai,2023-01,senior,3600.0,0.0,337.0,1200.0,1
174,C1174,24,Female,Kolkata,2022-01-08,2022-02-03,B,1,1200.0,1200,48277.0,3.0,Mobile,NONE,0,1,1200,Kolkata_India,Kolkata,India,Female_Kolkata,2022-01,Young_Adult,1200.0,0.0,26.0,1200.0,0
175,C1175,68,Male,Kolkata,2022-05-02,2023-02-18,A,1,1200.0,500,48277.0,3.0,Desktop,SUMMER,0,0,500,Kolkata_India,Kolkata,India,Male_Kolkata,2022-05,Elder,1200.0,-700.0,292.0,500.0,0
176,C1176,39,Female,Chennai,2022-12-14,2023-08-28,D,1,1200.0,1500,48277.0,3.0,Mobile,LOYAL,0,0,1500,Chennai_India,Chennai,India,Female_Chennai,2022-12,Adult,1200.0,300.0,257.0,1500.0,0
177,C1177,45,Female,Delhi,2023-11-07,2023-11-15,C,2,1200.0,1600,48277.0,3.0,Mobile,NEWUSER,0,1,800,Delhi_India,Delhi,India,Female_Delhi,2023-11,Adult,2400.0,-800.0,8.0,800.0,0
178,C1178,19,Female,Kolkata,2022-03-31,2022-07-22,A,4,1200.0,2000,48277.0,3.0,Desktop,WINTER,0,1,500,Kolkata_India,Kolkata,India,Female_Kolkata,2022-03,Young_Adult,4800.0,-2800.0,113.0,500.0,0
179,C1179,59,Female,Bangalore,2023-10-10,2024-09-29,B,1,1200.0,1200,48277.0,3.0,Desktop,LOYAL,0,0,1200,Bangalore_India,Bangalore,India,Female_Bangalore,2023-10,senior,1200.0,0.0,355.0,1200.0,0
180,C1180,62,Female,Delhi,2023-11-29,2024-08-08,D,1,1200.0,1500,48277.0,3.0,Desktop,LOYAL,0,1,1500,Delhi_India,Delhi,India,Female_Delhi,2023-11,Elder,1200.0,300.0,253.0,1500.0,0
181,C1181,23,Male,Bangalore,2022-11-12,2023-05-11,C,2,1200.0,1600,48277.0,3.0,Desktop,SUMMER,0,1,800,Bangalore_India,Bangalore,India,Male_Bangalore,2022-11,Young_Adult,2400.0,-800.0,180.0,800.0,0
182,C1182,45,Male,Mumbai,2022-06-27,2023-01-20,C,1,1200.0,800,48277.0,3.0,Mobile,NONE,0,1,800,Mumbai_India,Mumbai,India,Male_Mumbai,2022-06,Adult,1200.0,-400.0,207.0,800.0,0
183,C1183,45,Male,Delhi,2023-06-24,2024-04-22,A,3,1200.0,1500,48277.0,3.0,Mobile,NEWUSER,0,0,500,Delhi_India,Delhi,India,Male_Delhi,2023-06,Adult,3600.0,-2100.0,303.0,500.0,0
184,C1184,61,Female,Kolkata,2024-01-02,2024-05-08,D,3,1200.0,4500,48277.0,3.0,Mobile,NONE,0,0,1500,Kolkata_India,Kolkata,India,Female_Kolkata,2024-01,Elder,3600.0,900.0,127.0,1500.0,1
185,C1185,61,Male,Delhi,2022-02-10,2022-04-07,D,4,1200.0,6000,48277.0,3.0,Mobile,NEWUSER,0,0,1500,Delhi_India,Delhi,India,Male_Delhi,2022-02,Elder,4800.0,1200.0,56.0,1500.0,1
186,C1186,37,Female,Delhi,2024-01-10,2024-08-11,B,1,1200.0,1200,48277.0,3.0,Mobile,NEWUSER,0,0,1200,Delhi_India,Delhi,India,Female_Delhi,2024-01,Adult,1200.0,0.0,214.0,1200.0,0
187,C1187,44,Female,Delhi,,2023-12-19,D,2,1200.0,3000,48277.0,3.0,Desktop,NONE,0,0,1500,Delhi_India,Delhi,India,Female_Delhi,,Adult,2400.0,600.0,,1500.0,1
188,C1188,28,Male,Delhi,2023-05-17,2023-06-14,D,3,1200.0,4500,48277.0,3.0,Mobile,LOYAL,0,1,1500,Delhi_India,Delhi,India,Male_Delhi,2023-05,Young_Adult,3600.0,900.0,28.0,1500.0,1
189,C1189,45,Male,Bangalore,2022-05-25,2022-08-11,A,2,1200.0,1000,48277.0,3.0,Mobile,NEWUSER,0,1,500,Bangalore_India,Bangalore,India,Male_Bangalore,2022-05,Adult,2400.0,-1400.0,78.0,500.0,0
190,C1190,42,Male,Mumbai,2022-07-20,2023-02-21,D,2,1200.0,3000,48277.0,3.0,Mobile,NONE,0,0,1500,Mumbai_India,Mumbai,India,Male_Mumbai,2022-07,Adult,2400.0,600.0,216.0,1500.0,1
191,C1191,56,Male,Chennai,2023-12-25,2025-01-14,C,3,1200.0,2400,48277.0,3.0,Desktop,NEWUSER,0,0,800,Chennai_India,Chennai,India,Male_Chennai,2023-12,senior,3600.0,-1200.0,386.0,800.0,0
192,C1192,50,Female,Delhi,2023-04-06,2024-04-05,A,2,1200.0,1000,48277.0,3.0,Desktop,WINTER,0,0,500,Delhi_India,Delhi,India,Female_Delhi,2023-04,senior,2400.0,-1400.0,365.0,500.0,0
193,C1193,18,Female,Kolkata,2024-01-02,2024-06-04,A,3,1200.0,1500,48277.0,3.0,Desktop,LOYAL,0,1,500,Kolkata_India,Kolkata,India,Female_Kolkata,2024-01,Teen,3600.0,-2100.0,154.0,500.0,0
194,C1194,44,Female,Delhi,2024-01-22,2024-02-05,B,2,1200.0,2400,48277.0,3.0,Desktop,SUMMER,0,0,1200,Delhi_India,Delhi,India,Female_Delhi,2024-01,Adult,2400.0,0.0,14.0,1200.0,0
195,C1195,69,Female,Kolkata,2023-07-12,2024-01-15,D,3,1200.0,4500,48277.0,3.0,Mobile,NEWUSER,0,0,1500,Kolkata_India,Kolkata,India,Female_Kolkata,2023-07,Elder,3600.0,900.0,187.0,1500.0,1
196,C1196,30,Female,Bangalore,,2024-05-08,B,1,1200.0,1200,48277.0,3.0,Mobile,WINTER,0,0,1200,Bangalore_India,Bangalore,India,Female_Bangalore,,Young_Adult,1200.0,0.0,,1200.0,0
197,C1197,58,Male,Kolkata,2022-09-10,2023-09-16,C,4,1200.0,3200,48277.0,3.0,Desktop,SUMMER,0,0,800,Kolkata_India,Kolkata,India,Male_Kolkata,2022-09,senior,4800.0,-1600.0,371.0,800.0,1
198,C1198,20,Male,Chennai,2023-01-25,2023-02-01,A,3,1200.0,1500,48277.0,3.0,Desktop,SUMMER,0,0,500,Chennai_India,Chennai,India,Male_Chennai,2023-01,Young_Adult,3600.0,-2100.0,7.0,500.0,0
199,C1199,56,Female,Mumbai,2023-08-17,,A,3,1200.0,1500,48277.0,3.0,Mobile,NEWUSER,0,0,500,Mumbai_India,Mumbai,India,Female_Mumbai,2023-08,senior,3600.0,-2100.0,,500.0,0
